query_name,matched_name,pubchem_cid,canonical_smiles,isomeric_smiles,iupac_name,molecular_formula,status
(+)-JQ1,(+)-JQ1,46907787,CC1=C(SC2=C1C(=N[C@H](C3=NN=C(N32)C)CC(=O)OC(C)(C)C)C4=CC=C(C=C4)Cl)C,CC1=C(SC2=C1C(=N[C@H](C3=NN=C(N32)C)CC(=O)OC(C)(C)C)C4=CC=C(C=C4)Cl)C,"tert-butyl 2-[(9S)-7-(4-chlorophenyl)-4,5,13-trimethyl-3-thia-1,8,11,12-tetrazatricyclo[8.3.0.02,6]trideca-2(6),4,7,10,12-pentaen-9-yl]acetate",C23H25ClN4O2S,matched
2-Methoxyestradiol (2-MeOE2),2-Methoxyestradiol (2-MeOE2),66414,C[C@]12CC[C@H]3[C@H]([C@@H]1CC[C@@H]2O)CCC4=CC(=C(C=C34)OC)O,C[C@]12CC[C@H]3[C@H]([C@@H]1CC[C@@H]2O)CCC4=CC(=C(C=C34)OC)O,"(8R,9S,13S,14S,17S)-2-methoxy-13-methyl-6,7,8,9,11,12,14,15,16,17-decahydrocyclopenta[a]phenanthrene-3,17-diol",C19H26O3,matched
A-366,A-366,76285486,COC1=C(C=C2C(=C1)C3(CCC3)C(=N2)N)OCCCN4CCCC4,COC1=C(C=C2C(=C1)C3(CCC3)C(=N2)N)OCCCN4CCCC4,"5'-methoxy-6'-(3-pyrrolidin-1-ylpropoxy)spiro[cyclobutane-1,3'-indole]-2'-amine",C19H27N3O2,matched
ABT-737,ABT-737,11228183,CN(C)CC[C@H](CSC1=CC=CC=C1)NC2=C(C=C(C=C2)S(=O)(=O)NC(=O)C3=CC=C(C=C3)N4CCN(CC4)CC5=CC=CC=C5C6=CC=C(C=C6)Cl)[N+](=O)[O-],CN(C)CC[C@H](CSC1=CC=CC=C1)NC2=C(C=C(C=C2)S(=O)(=O)NC(=O)C3=CC=C(C=C3)N4CCN(CC4)CC5=CC=CC=C5C6=CC=C(C=C6)Cl)[N+](=O)[O-],4-[4-[[2-(4-chlorophenyl)phenyl]methyl]piperazin-1-yl]-N-[4-[[(2R)-4-(dimethylamino)-1-phenylsulfanylbutan-2-yl]amino]-3-nitrophenyl]sulfonylbenzamide,C42H45ClN6O5S2,matched
AC480 (BMS-599626),AC480 (BMS-599626),10437018,CC1=C2C(=NC=NN2C=C1NC(=O)OC[C@@H]3COCCN3)NC4=CC5=C(C=C4)N(N=C5)CC6=CC(=CC=C6)F,CC1=C2C(=NC=NN2C=C1NC(=O)OC[C@@H]3COCCN3)NC4=CC5=C(C=C4)N(N=C5)CC6=CC(=CC=C6)F,"[(3S)-morpholin-3-yl]methyl N-[4-[[1-[(3-fluorophenyl)methyl]indazol-5-yl]amino]-5-methylpyrrolo[2,1-f][1,2,4]triazin-6-yl]carbamate",C27H27FN8O3,matched
AG-14361,AG-14361,9840076,CN(C)CC1=CC=C(C=C1)C2=NC3=CC=CC4=C3N2CCNC4=O,CN(C)CC1=CC=C(C=C1)C2=NC3=CC=CC4=C3N2CCNC4=O,"2-[4-[(dimethylamino)methyl]phenyl]-1,3,10-triazatricyclo[6.4.1.04,13]trideca-2,4,6,8(13)-tetraen-9-one",C19H20N4O,matched
AG-490 (Tyrphostin B42),AG-490 (Tyrphostin B42),5328779,C1=CC=C(C=C1)CNC(=O)/C(=C/C2=CC(=C(C=C2)O)O)/C#N,C1=CC=C(C=C1)CNC(=O)/C(=C/C2=CC(=C(C=C2)O)O)/C#N,"(E)-N-benzyl-2-cyano-3-(3,4-dihydroxyphenyl)prop-2-enamide",C17H14N2O3,matched
AICAR (Acadesine),AICAR (Acadesine),17513,C1=NC(=C(N1[C@H]2[C@@H]([C@@H]([C@H](O2)CO)O)O)N)C(=O)N,C1=NC(=C(N1[C@H]2[C@@H]([C@@H]([C@H](O2)CO)O)O)N)C(=O)N,"5-amino-1-[(2R,3R,4S,5R)-3,4-dihydroxy-5-(hydroxymethyl)oxolan-2-yl]imidazole-4-carboxamide",C9H14N4O5,matched
AMG-900,AMG-900,24856041,CC1=CSC(=C1)C2=NN=C(C3=CC=CC=C32)NC4=CC=C(C=C4)OC5=C(C=CC=N5)C6=NC(=NC=C6)N,CC1=CSC(=C1)C2=NN=C(C3=CC=CC=C32)NC4=CC=C(C=C4)OC5=C(C=CC=N5)C6=NC(=NC=C6)N,N-[4-[[3-(2-aminopyrimidin-4-yl)-2-pyridinyl]oxy]phenyl]-4-(4-methylthiophen-2-yl)phthalazin-1-amine,C28H21N7OS,matched
AR-42,AR-42,6918848,CC(C)[C@@H](C1=CC=CC=C1)C(=O)NC2=CC=C(C=C2)C(=O)NO,CC(C)[C@@H](C1=CC=CC=C1)C(=O)NC2=CC=C(C=C2)C(=O)NO,N-hydroxy-4-[[(2S)-3-methyl-2-phenylbutanoyl]amino]benzamide,C18H20N2O3,matched
AT9283,AT9283,135398495,C1CC1NC(=O)NC2=C(NN=C2)C3=NC4=C(N3)C=C(C=C4)CN5CCOCC5,C1CC1NC(=O)NC2=C(NN=C2)C3=NC4=C(N3)C=C(C=C4)CN5CCOCC5,1-cyclopropyl-3-[5-[6-(morpholin-4-ylmethyl)-1H-benzimidazol-2-yl]-1H-pyrazol-4-yl]urea,C19H23N7O2,matched
AZ 960,AZ 960,25099184,CC1=CC(=NN1)NC2=C(C=C(C(=N2)N[C@@H](C)C3=CC=C(C=C3)F)C#N)F,CC1=CC(=NN1)NC2=C(C=C(C(=N2)N[C@@H](C)C3=CC=C(C=C3)F)C#N)F,5-fluoro-2-[[(1S)-1-(4-fluorophenyl)ethyl]amino]-6-[(5-methyl-1H-pyrazol-3-yl)amino]pyridine-3-carbonitrile,C18H16F2N6,matched
AZD1480,AZD1480,16659841,CC1=CC(=NN1)NC2=NC(=NC=C2Cl)N[C@@H](C)C3=NC=C(C=N3)F,CC1=CC(=NN1)NC2=NC(=NC=C2Cl)N[C@@H](C)C3=NC=C(C=N3)F,"5-chloro-2-N-[(1S)-1-(5-fluoropyrimidin-2-yl)ethyl]-4-N-(5-methyl-1H-pyrazol-3-yl)pyrimidine-2,4-diamine",C14H14ClFN8,matched
Abexinostat (PCI-24781),Abexinostat (PCI-24781),11749858,CN(C)CC1=C(OC2=CC=CC=C21)C(=O)NCCOC3=CC=C(C=C3)C(=O)NO,CN(C)CC1=C(OC2=CC=CC=C21)C(=O)NCCOC3=CC=C(C=C3)C(=O)NO,3-[(dimethylamino)methyl]-N-[2-[4-(hydroxycarbamoyl)phenoxy]ethyl]-1-benzofuran-2-carboxamide,C21H23N3O5,matched
Alendronate sodium trihydrate,Alendronate sodium trihydrate,23681107,C(CC(O)(P(=O)(O)O)P(=O)(O)[O-])CN.O.O.O.[Na+],C(CC(O)(P(=O)(O)O)P(=O)(O)[O-])CN.O.O.O.[Na+],sodium;(4-amino-1-hydroxy-1-phosphonobutyl)-hydroxyphosphinate;trihydrate,C4H18NNaO10P2,matched
Alisertib (MLN8237),Alisertib (MLN8237),24771867,COC1=C(C(=CC=C1)F)C2=NCC3=CN=C(N=C3C4=C2C=C(C=C4)Cl)NC5=CC(=C(C=C5)C(=O)O)OC,COC1=C(C(=CC=C1)F)C2=NCC3=CN=C(N=C3C4=C2C=C(C=C4)Cl)NC5=CC(=C(C=C5)C(=O)O)OC,"4-[[9-chloro-7-(2-fluoro-6-methoxyphenyl)-5H-pyrimido[5,4-d][2]benzazepin-2-yl]amino]-2-methoxybenzoic acid",C27H20ClFN4O4,matched
Altretamine,Altretamine,2123,CN(C)C1=NC(=NC(=N1)N(C)C)N(C)C,CN(C)C1=NC(=NC(=N1)N(C)C)N(C)C,"2-N,2-N,4-N,4-N,6-N,6-N-hexamethyl-1,3,5-triazine-2,4,6-triamine",C9H18N6,matched
Alvespimycin (17-DMAG) HCl,Alvespimycin (17-DMAG) HCl,9852573,C[C@H]1C[C@@H]([C@@H]([C@H](/C=C(/[C@@H]([C@H](/C=C\C=C(\C(=O)NC2=CC(=O)C(=C(C1)C2=O)NCCN(C)C)/C)OC)OC(=O)N)\C)C)O)OC.Cl,C[C@H]1C[C@@H]([C@@H]([C@H](/C=C(/[C@@H]([C@H](/C=C\C=C(\C(=O)NC2=CC(=O)C(=C(C1)C2=O)NCCN(C)C)/C)OC)OC(=O)N)\C)C)O)OC.Cl,"[(4E,6Z,8S,9S,10E,12S,13R,14S,16R)-19-[2-(dimethylamino)ethylamino]-13-hydroxy-8,14-dimethoxy-4,10,12,16-tetramethyl-3,20,22-trioxo-2-azabicyclo[16.3.1]docosa-1(21),4,6,10,18-pentaen-9-yl] carbamate;hydrochloride",C32H49ClN4O8,matched
Aminoglutethimide ,Aminoglutethimide,2145,CCC1(CCC(=O)NC1=O)C2=CC=C(C=C2)N,CCC1(CCC(=O)NC1=O)C2=CC=C(C=C2)N,"3-(4-aminophenyl)-3-ethylpiperidine-2,6-dione",C13H16N2O2,matched
Amisulpride,Amisulpride,2159,CCN1CCCC1CNC(=O)C2=CC(=C(C=C2OC)N)S(=O)(=O)CC,CCN1CCCC1CNC(=O)C2=CC(=C(C=C2OC)N)S(=O)(=O)CC,4-amino-N-[(1-ethylpyrrolidin-2-yl)methyl]-5-ethylsulfonyl-2-methoxybenzamide,C17H27N3O4S,matched
Anacardic Acid,Anacardic Acid,167551,CCCCCCCCCCCCCCCC1=C(C(=CC=C1)O)C(=O)O,CCCCCCCCCCCCCCCC1=C(C(=CC=C1)O)C(=O)O,2-hydroxy-6-pentadecylbenzoic acid,C22H36O3,matched
Andarine,Andarine,9824562,CC(=O)NC1=CC=C(C=C1)OC[C@@](C)(C(=O)NC2=CC(=C(C=C2)[N+](=O)[O-])C(F)(F)F)O,CC(=O)NC1=CC=C(C=C1)OC[C@@](C)(C(=O)NC2=CC(=C(C=C2)[N+](=O)[O-])C(F)(F)F)O,(2S)-3-(4-acetamidophenoxy)-2-hydroxy-2-methyl-N-[4-nitro-3-(trifluoromethyl)phenyl]propanamide,C19H18F3N3O6,matched
Aurora A Inhibitor I,Aurora A Inhibitor I,44139710,CCN1CCN(CC1)C(=O)CC2=CC=C(C=C2)NC3=NC=C(C(=N3)NC4=CC=C(C=C4)C(=O)NC5=CC=CC=C5Cl)F,CCN1CCN(CC1)C(=O)CC2=CC=C(C=C2)NC3=NC=C(C(=N3)NC4=CC=C(C=C4)C(=O)NC5=CC=CC=C5Cl)F,N-(2-chlorophenyl)-4-[[2-[4-[2-(4-ethylpiperazin-1-yl)-2-oxoethyl]anilino]-5-fluoropyrimidin-4-yl]amino]benzamide,C31H31ClFN7O2,matched
Avagacestat (BMS-708163),Avagacestat (BMS-708163),46883536,C1=CC(=CC=C1S(=O)(=O)N(CC2=C(C=C(C=C2)C3=NOC=N3)F)[C@H](CCC(F)(F)F)C(=O)N)Cl,C1=CC(=CC=C1S(=O)(=O)N(CC2=C(C=C(C=C2)C3=NOC=N3)F)[C@H](CCC(F)(F)F)C(=O)N)Cl,"(2R)-2-[(4-chlorophenyl)sulfonyl-[[2-fluoro-4-(1,2,4-oxadiazol-3-yl)phenyl]methyl]amino]-5,5,5-trifluoropentanamide",C20H17ClF4N4O4S,matched
Azacitidine ,Azacitidine,9444,C1=NC(=NC(=O)N1[C@H]2[C@@H]([C@@H]([C@H](O2)CO)O)O)N,C1=NC(=NC(=O)N1[C@H]2[C@@H]([C@@H]([C@H](O2)CO)O)O)N,"4-amino-1-[(2R,3R,4S,5R)-3,4-dihydroxy-5-(hydroxymethyl)oxolan-2-yl]-1,3,5-triazin-2-one",C8H12N4O5,matched
BMS-265246,BMS-265246,135402864,CCCCOC1=C(C=NC2=NNC=C12)C(=O)C3=C(C=C(C=C3F)C)F,CCCCOC1=C(C=NC2=NNC=C12)C(=O)C3=C(C=C(C=C3F)C)F,"(4-butoxy-2H-pyrazolo[3,4-b]pyridin-5-yl)-(2,6-difluoro-4-methylphenyl)methanone",C18H17F2N3O2,matched
BMS-536924,BMS-536924,135440466,CC1=CC(=CC2=C1N=C(N2)C3=C(C=CNC3=O)NC[C@H](C4=CC(=CC=C4)Cl)O)N5CCOCC5,CC1=CC(=CC2=C1N=C(N2)C3=C(C=CNC3=O)NC[C@H](C4=CC(=CC=C4)Cl)O)N5CCOCC5,4-[[(2S)-2-(3-chlorophenyl)-2-hydroxyethyl]amino]-3-(4-methyl-6-morpholin-4-yl-1H-benzimidazol-2-yl)-1H-pyridin-2-one,C25H26ClN5O3,matched
BMS-754807,BMS-754807,24785538,C[C@]1(CCCN1C2=NN3C=CC=C3C(=N2)NC4=NNC(=C4)C5CC5)C(=O)NC6=CN=C(C=C6)F,C[C@]1(CCCN1C2=NN3C=CC=C3C(=N2)NC4=NNC(=C4)C5CC5)C(=O)NC6=CN=C(C=C6)F,"(2S)-1-[4-[(5-cyclopropyl-1H-pyrazol-3-yl)amino]pyrrolo[2,1-f][1,2,4]triazin-2-yl]-N-(6-fluoro-3-pyridinyl)-2-methylpyrrolidine-2-carboxamide",C23H24FN9O,matched
BMS-911543,BMS-911543,50922691,CCN1C(=CC2=C3C(=C(N=C21)NC4=NN(C(=C4)C)C)N=CN3C)C(=O)N(C5CC5)C6CC6,CCN1C(=CC2=C3C(=C(N=C21)NC4=NN(C(=C4)C)C)N=CN3C)C(=O)N(C5CC5)C6CC6,"N,N-dicyclopropyl-7-[(1,5-dimethylpyrazol-3-yl)amino]-10-ethyl-3-methyl-3,5,8,10-tetrazatricyclo[7.3.0.02,6]dodeca-1,4,6,8,11-pentaene-11-carboxamide",C23H28N8O,matched
BRD4770,BRD4770,72193870,COC(=O)C1=CC2=C(C=C1)N(C(=N2)NC(=O)C3=CC=CC=C3)CCCC4=CC=CC=C4,COC(=O)C1=CC2=C(C=C1)N(C(=N2)NC(=O)C3=CC=CC=C3)CCCC4=CC=CC=C4,methyl 2-benzamido-1-(3-phenylpropyl)benzimidazole-5-carboxylate,C25H23N3O3,matched
Barasertib (AZD1152-HQPA),Barasertib (AZD1152-HQPA),16007391,CCN(CCCOC1=CC2=C(C=C1)C(=NC=N2)NC3=NNC(=C3)CC(=O)NC4=CC(=CC=C4)F)CCO,CCN(CCCOC1=CC2=C(C=C1)C(=NC=N2)NC3=NNC(=C3)CC(=O)NC4=CC(=CC=C4)F)CCO,2-[3-[[7-[3-[ethyl(2-hydroxyethyl)amino]propoxy]quinazolin-4-yl]amino]-1H-pyrazol-5-yl]-N-(3-fluorophenyl)acetamide,C26H30FN7O3,matched
"Baricitinib (LY3009104, INCB028050)","Baricitinib (LY3009104, INCB028050)",44205240,CCS(=O)(=O)N1CC(C1)(CC#N)N2C=C(C=N2)C3=C4C=CNC4=NC=N3,CCS(=O)(=O)N1CC(C1)(CC#N)N2C=C(C=N2)C3=C4C=CNC4=NC=N3,"2-[1-ethylsulfonyl-3-[4-(7H-pyrrolo[2,3-d]pyrimidin-4-yl)pyrazol-1-yl]azetidin-3-yl]acetonitrile",C16H17N7O2S,matched
Belinostat (PXD101),Belinostat (PXD101),6918638,C1=CC=C(C=C1)NS(=O)(=O)C2=CC=CC(=C2)/C=C/C(=O)NO,C1=CC=C(C=C1)NS(=O)(=O)C2=CC=CC(=C2)/C=C/C(=O)NO,(E)-N-hydroxy-3-[3-(phenylsulfamoyl)phenyl]prop-2-enamide,C15H14N2O4S,matched
Bisindolylmaleimide IX (Ro 31-8220 Mesylate),Bisindolylmaleimide IX,5083,CN1C=C(C2=CC=CC=C21)C3=C(C(=O)NC3=O)C4=CN(C5=CC=CC=C54)CCCSC(=N)N,CN1C=C(C2=CC=CC=C21)C3=C(C(=O)NC3=O)C4=CN(C5=CC=CC=C54)CCCSC(=N)N,"3-[3-[4-(1-methylindol-3-yl)-2,5-dioxopyrrol-3-yl]indol-1-yl]propyl carbamimidothioate",C25H23N5O2S,matched
Bosutinib (SKI-606),Bosutinib (SKI-606),5328940,CN1CCN(CC1)CCCOC2=C(C=C3C(=C2)N=CC(=C3NC4=CC(=C(C=C4Cl)Cl)OC)C#N)OC,CN1CCN(CC1)CCCOC2=C(C=C3C(=C2)N=CC(=C3NC4=CC(=C(C=C4Cl)Cl)OC)C#N)OC,"4-(2,4-dichloro-5-methoxyanilino)-6-methoxy-7-[3-(4-methylpiperazin-1-yl)propoxy]quinoline-3-carbonitrile",C26H29Cl2N5O3,matched
Busulfan ,Busulfan,2478,CS(=O)(=O)OCCCCOS(=O)(=O)C,CS(=O)(=O)OCCCCOS(=O)(=O)C,4-methylsulfonyloxybutyl methanesulfonate,C6H14O6S2,matched
CEP-33779,CEP-33779,57336812,CN1CCN(CC1)C2=CC=CC(=C2)NC3=NN4C=CC=C(C4=N3)C5=CC=C(C=C5)S(=O)(=O)C,CN1CCN(CC1)C2=CC=CC(=C2)NC3=NN4C=CC=C(C4=N3)C5=CC=C(C=C5)S(=O)(=O)C,"N-[3-(4-methylpiperazin-1-yl)phenyl]-8-(4-methylsulfonylphenyl)-[1,2,4]triazolo[1,5-a]pyridin-2-amine",C24H26N6O2S,matched
CUDC-101,CUDC-101,24756910,COC1=C(C=C2C(=C1)N=CN=C2NC3=CC=CC(=C3)C#C)OCCCCCCC(=O)NO,COC1=C(C=C2C(=C1)N=CN=C2NC3=CC=CC(=C3)C#C)OCCCCCCC(=O)NO,7-[4-(3-ethynylanilino)-7-methoxyquinazolin-6-yl]oxy-N-hydroxyheptanamide,C24H26N4O4,matched
CUDC-907,CUDC-907,54575456,CN(CC1=CC2=C(S1)C(=NC(=N2)C3=CN=C(C=C3)OC)N4CCOCC4)C5=NC=C(C=N5)C(=O)NO,CN(CC1=CC2=C(S1)C(=NC(=N2)C3=CN=C(C=C3)OC)N4CCOCC4)C5=NC=C(C=N5)C(=O)NO,"N-hydroxy-2-[[2-(6-methoxy-3-pyridinyl)-4-morpholin-4-ylthieno[3,2-d]pyrimidin-6-yl]methyl-methylamino]pyrimidine-5-carboxamide",C23H24N8O4S,matched
CYC116,CYC116,6420138,CC1=C(SC(=N1)N)C2=NC(=NC=C2)NC3=CC=C(C=C3)N4CCOCC4,CC1=C(SC(=N1)N)C2=NC(=NC=C2)NC3=CC=C(C=C3)N4CCOCC4,"4-methyl-5-[2-(4-morpholin-4-ylanilino)pyrimidin-4-yl]-1,3-thiazol-2-amine",C18H20N6OS,matched
Capecitabine ,Capecitabine,60953,CCCCCOC(=O)NC1=NC(=O)N(C=C1F)[C@H]2[C@@H]([C@@H]([C@H](O2)C)O)O,CCCCCOC(=O)NC1=NC(=O)N(C=C1F)[C@H]2[C@@H]([C@@H]([C@H](O2)C)O)O,"pentyl N-[1-[(2R,3R,4S,5R)-3,4-dihydroxy-5-methyloxolan-2-yl]-5-fluoro-2-oxopyrimidin-4-yl]carbamate",C15H22FN3O6,matched
Carmofur,Carmofur,2577,CCCCCCNC(=O)N1C=C(C(=O)NC1=O)F,CCCCCCNC(=O)N1C=C(C(=O)NC1=O)F,"5-fluoro-N-hexyl-2,4-dioxopyrimidine-1-carboxamide",C11H16FN3O3,matched
Cediranib (AZD2171),Cediranib (AZD2171),9933475,CC1=CC2=C(N1)C=CC(=C2F)OC3=NC=NC4=CC(=C(C=C43)OC)OCCCN5CCCC5,CC1=CC2=C(N1)C=CC(=C2F)OC3=NC=NC4=CC(=C(C=C43)OC)OCCCN5CCCC5,4-[(4-fluoro-2-methyl-1H-indol-5-yl)oxy]-6-methoxy-7-(3-pyrrolidin-1-ylpropoxy)quinazoline,C25H27FN4O3,matched
Celecoxib,Celecoxib,2662,CC1=CC=C(C=C1)C2=CC(=NN2C3=CC=C(C=C3)S(=O)(=O)N)C(F)(F)F,CC1=CC=C(C=C1)C2=CC(=NN2C3=CC=C(C=C3)S(=O)(=O)N)C(F)(F)F,4-[5-(4-methylphenyl)-3-(trifluoromethyl)pyrazol-1-yl]benzenesulfonamide,C17H14F3N3O2S,matched
"Cerdulatinib (PRT062070, PRT2070)","Cerdulatinib (PRT062070, PRT2070)",56960607,CCS(=O)(=O)N1CCN(CC1)C2=CC=C(C=C2)NC3=NC=C(C(=N3)NC4CC4)C(=O)N.Cl,CCS(=O)(=O)N1CCN(CC1)C2=CC=C(C=C2)NC3=NC=C(C(=N3)NC4CC4)C(=O)N.Cl,4-(cyclopropylamino)-2-[4-(4-ethylsulfonylpiperazin-1-yl)anilino]pyrimidine-5-carboxamide;hydrochloride,C20H28ClN7O3S,matched
Cimetidine ,Cimetidine,2756,CC1=C(N=CN1)CSCCNC(=NC)NC#N,CC1=C(N=CN1)CSCCNC(=NC)NC#N,1-cyano-2-methyl-3-[2-[(5-methyl-1H-imidazol-4-yl)methylsulfanyl]ethyl]guanidine,C10H16N6S,matched
Clevudine ,Clevudine,73115,CC1=CN(C(=O)NC1=O)[C@@H]2[C@@H]([C@H]([C@@H](O2)CO)O)F,CC1=CN(C(=O)NC1=O)[C@@H]2[C@@H]([C@H]([C@@H](O2)CO)O)F,"1-[(2S,3R,4S,5S)-3-fluoro-4-hydroxy-5-(hydroxymethyl)oxolan-2-yl]-5-methylpyrimidine-2,4-dione",C10H13FN2O5,matched
Costunolide,Costunolide,5281437,C/C/1=C\CC/C(=C/[C@@H]2[C@@H](CC1)C(=C)C(=O)O2)/C,C/C/1=C\CC/C(=C/[C@@H]2[C@@H](CC1)C(=C)C(=O)O2)/C,"(3aS,6E,10E,11aR)-6,10-dimethyl-3-methylidene-3a,4,5,8,9,11a-hexahydrocyclodeca[b]furan-2-one",C15H20O2,matched
Crizotinib (PF-02341066),Crizotinib (PF-02341066),11626560,C[C@H](C1=C(C=CC(=C1Cl)F)Cl)OC2=C(N=CC(=C2)C3=CN(N=C3)C4CCNCC4)N,C[C@H](C1=C(C=CC(=C1Cl)F)Cl)OC2=C(N=CC(=C2)C3=CN(N=C3)C4CCNCC4)N,"3-[(1R)-1-(2,6-dichloro-3-fluorophenyl)ethoxy]-5-(1-piperidin-4-ylpyrazol-4-yl)pyridin-2-amine",C21H22Cl2FN5O,matched
Curcumin,Curcumin,969516,COC1=C(C=CC(=C1)/C=C/C(=O)CC(=O)/C=C/C2=CC(=C(C=C2)O)OC)O,COC1=C(C=CC(=C1)/C=C/C(=O)CC(=O)/C=C/C2=CC(=C(C=C2)O)OC)O,"(1E,6E)-1,7-bis(4-hydroxy-3-methoxyphenyl)hepta-1,6-diene-3,5-dione",C21H20O6,matched
Cyclocytidine HCl,Cyclocytidine HCl,25050,C1=CN2[C@H]3[C@H]([C@@H]([C@H](O3)CO)O)OC2=NC1=N.Cl,C1=CN2[C@H]3[C@H]([C@@H]([C@H](O3)CO)O)OC2=NC1=N.Cl,"(2R,4R,5R,6S)-4-(hydroxymethyl)-10-imino-3,7-dioxa-1,9-diazatricyclo[6.4.0.02,6]dodeca-8,11-dien-5-ol;hydrochloride",C9H12ClN3O4,matched
Dacinostat (LAQ824),Dacinostat,6445533,C1=CC=C2C(=C1)C(=CN2)CCN(CCO)CC3=CC=C(C=C3)/C=C/C(=O)NO,C1=CC=C2C(=C1)C(=CN2)CCN(CCO)CC3=CC=C(C=C3)/C=C/C(=O)NO,(E)-N-hydroxy-3-[4-[[2-hydroxyethyl-[2-(1H-indol-3-yl)ethyl]amino]methyl]phenyl]prop-2-enamide,C22H25N3O3,matched
Danusertib (PHA-739358),Danusertib (PHA-739358),11442891,CN1CCN(CC1)C2=CC=C(C=C2)C(=O)NC3=NNC4=C3CN(C4)C(=O)[C@@H](C5=CC=CC=C5)OC,CN1CCN(CC1)C2=CC=C(C=C2)C(=O)NC3=NNC4=C3CN(C4)C(=O)[C@@H](C5=CC=CC=C5)OC,"N-[5-[(2R)-2-methoxy-2-phenylacetyl]-4,6-dihydro-1H-pyrrolo[3,4-d]pyrazol-3-yl]-4-(4-methylpiperazin-1-yl)benzamide",C26H30N6O3,matched
Daphnetin,Daphnetin,5280569,C1=CC(=C(C2=C1C=CC(=O)O2)O)O,C1=CC(=C(C2=C1C=CC(=O)O2)O)O,"7,8-dihydroxychromen-2-one",C9H6O4,matched
Dasatinib,Dasatinib,3062316,CC1=C(C(=CC=C1)Cl)NC(=O)C2=CN=C(S2)NC3=CC(=NC(=N3)C)N4CCN(CC4)CCO,CC1=C(C(=CC=C1)Cl)NC(=O)C2=CN=C(S2)NC3=CC(=NC(=N3)C)N4CCN(CC4)CCO,"N-(2-chloro-6-methylphenyl)-2-[[6-[4-(2-hydroxyethyl)piperazin-1-yl]-2-methylpyrimidin-4-yl]amino]-1,3-thiazole-5-carboxamide",C22H26ClN7O2S,matched
Decitabine,Decitabine,451668,C1[C@@H]([C@H](O[C@H]1N2C=NC(=NC2=O)N)CO)O,C1[C@@H]([C@H](O[C@H]1N2C=NC(=NC2=O)N)CO)O,"4-amino-1-[(2R,4S,5R)-4-hydroxy-5-(hydroxymethyl)oxolan-2-yl]-1,3,5-triazin-2-one",C8H12N4O4,matched
Disulfiram ,Disulfiram,3117,CCN(CC)C(=S)SSC(=S)N(CC)CC,CCN(CC)C(=S)SSC(=S)N(CC)CC,"diethylcarbamothioylsulfanyl N,N-diethylcarbamodithioate",C10H20N2S4,matched
Divalproex Sodium,Divalproex Sodium,23663956,CCCC(CCC)C(=O)O.CCCC(CCC)C(=O)[O-].[Na+],CCCC(CCC)C(=O)O.CCCC(CCC)C(=O)[O-].[Na+],sodium;2-propylpentanoate;2-propylpentanoic acid,C16H31NaO4,matched
Droxinostat,Droxinostat,568416,CC1=C(C=CC(=C1)Cl)OCCCC(=O)NO,CC1=C(C=CC(=C1)Cl)OCCCC(=O)NO,4-(4-chloro-2-methylphenoxy)-N-hydroxybutanamide,C11H14ClNO3,matched
EED226,EED226,123132228,CS(=O)(=O)C1=CC=C(C=C1)C2=CN=C(N3C2=NN=C3)NCC4=CC=CO4,CS(=O)(=O)C1=CC=C(C=C1)C2=CN=C(N3C2=NN=C3)NCC4=CC=CO4,"N-(furan-2-ylmethyl)-8-(4-methylsulfonylphenyl)-[1,2,4]triazolo[4,3-c]pyrimidin-5-amine",C17H15N5O3S,matched
ENMD-2076,ENMD-2076,16041424,CC1=CC(=NN1)NC2=CC(=NC(=N2)/C=C/C3=CC=CC=C3)N4CCN(CC4)C,CC1=CC(=NN1)NC2=CC(=NC(=N2)/C=C/C3=CC=CC=C3)N4CCN(CC4)C,6-(4-methylpiperazin-1-yl)-N-(5-methyl-1H-pyrazol-3-yl)-2-[(E)-2-phenylethenyl]pyrimidin-4-amine,C21H25N7,matched
ENMD-2076 L-(+)-Tartaric acid ,ENMD-2076 L-(+)-Tartaric acid,66576993,CC1=CC(=NN1)NC2=CC(=NC(=N2)/C=C/C3=CC=CC=C3)N4CCN(CC4)C.[C@H]([C@@H](C(=O)O)O)(C(=O)O)O,CC1=CC(=NN1)NC2=CC(=NC(=N2)/C=C/C3=CC=CC=C3)N4CCN(CC4)C.[C@H]([C@@H](C(=O)O)O)(C(=O)O)O,"(2S,3S)-2,3-dihydroxybutanedioic acid;6-(4-methylpiperazin-1-yl)-N-(5-methyl-1H-pyrazol-3-yl)-2-[(E)-2-phenylethenyl]pyrimidin-4-amine",C25H31N7O6,matched
Ellagic acid,Ellagic acid,5281855,C1=C2C3=C(C(=C1O)O)OC(=O)C4=CC(=C(C(=C43)OC2=O)O)O,C1=C2C3=C(C(=C1O)O)OC(=O)C4=CC(=C(C(=C43)OC2=O)O)O,"6,7,13,14-tetrahydroxy-2,9-dioxatetracyclo[6.6.2.04,16.011,15]hexadeca-1(15),4,6,8(16),11,13-hexaene-3,10-dione",C14H6O8,matched
Entacapone,Entacapone,5281081,CCN(CC)C(=O)/C(=C/C1=CC(=C(C(=C1)O)O)[N+](=O)[O-])/C#N,CCN(CC)C(=O)/C(=C/C1=CC(=C(C(=C1)O)O)[N+](=O)[O-])/C#N,"(E)-2-cyano-3-(3,4-dihydroxy-5-nitrophenyl)-N,N-diethylprop-2-enamide",C14H15N3O5,matched
Entinostat (MS-275),Entinostat (MS-275),4261,C1=CC=C(C(=C1)N)NC(=O)C2=CC=C(C=C2)CNC(=O)OCC3=CN=CC=C3,C1=CC=C(C(=C1)N)NC(=O)C2=CC=C(C=C2)CNC(=O)OCC3=CN=CC=C3,pyridin-3-ylmethyl N-[[4-[(2-aminophenyl)carbamoyl]phenyl]methyl]carbamate,C21H20N4O3,matched
Enzastaurin (LY317615),Enzastaurin (LY317615),176167,CN1C=C(C2=CC=CC=C21)C3=C(C(=O)NC3=O)C4=CN(C5=CC=CC=C54)C6CCN(CC6)CC7=CC=CC=N7,CN1C=C(C2=CC=CC=C21)C3=C(C(=O)NC3=O)C4=CN(C5=CC=CC=C54)C6CCN(CC6)CC7=CC=CC=N7,"3-(1-methylindol-3-yl)-4-[1-[1-(pyridin-2-ylmethyl)piperidin-4-yl]indol-3-yl]pyrrole-2,5-dione",C32H29N5O2,matched
Epothilone A,Epothilone A,448799,C[C@H]1CCC[C@@H]2[C@@H](O2)C[C@H](OC(=O)C[C@@H](C(C(=O)[C@@H]([C@H]1O)C)(C)C)O)/C(=C/C3=CSC(=N3)C)/C,C[C@H]1CCC[C@@H]2[C@@H](O2)C[C@H](OC(=O)C[C@@H](C(C(=O)[C@@H]([C@H]1O)C)(C)C)O)/C(=C/C3=CSC(=N3)C)/C,"(1S,3S,7S,10R,11S,12S,16R)-7,11-dihydroxy-8,8,10,12-tetramethyl-3-[(E)-1-(2-methyl-1,3-thiazol-4-yl)prop-1-en-2-yl]-4,17-dioxabicyclo[14.1.0]heptadecane-5,9-dione",C26H39NO6S,matched
FLLL32,FLLL32,68019246,COC1=C(C=C(C=C1)/C=C/C(=O)C2(CCCCC2)C(=O)/C=C/C3=CC(=C(C=C3)OC)OC)OC,COC1=C(C=C(C=C1)/C=C/C(=O)C2(CCCCC2)C(=O)/C=C/C3=CC(=C(C=C3)OC)OC)OC,"(E)-3-(3,4-dimethoxyphenyl)-1-[1-[(E)-3-(3,4-dimethoxyphenyl)prop-2-enoyl]cyclohexyl]prop-2-en-1-one",C28H32O6,matched
Fasudil (HA-1077) HCl,Fasudil (HA-1077) HCl,163751,C1CNCCN(C1)S(=O)(=O)C2=CC=CC3=C2C=CN=C3.Cl,C1CNCCN(C1)S(=O)(=O)C2=CC=CC3=C2C=CN=C3.Cl,"5-(1,4-diazepan-1-ylsulfonyl)isoquinoline;hydrochloride",C14H18ClN3O2S,matched
"Fedratinib (SAR302503, TG101348)","Fedratinib (SAR302503, TG101348)",16722836,CC1=CN=C(N=C1NC2=CC(=CC=C2)S(=O)(=O)NC(C)(C)C)NC3=CC=C(C=C3)OCCN4CCCC4,CC1=CN=C(N=C1NC2=CC(=CC=C2)S(=O)(=O)NC(C)(C)C)NC3=CC=C(C=C3)OCCN4CCCC4,N-tert-butyl-3-[[5-methyl-2-[4-(2-pyrrolidin-1-ylethoxy)anilino]pyrimidin-4-yl]amino]benzenesulfonamide,C27H36N6O3S,matched
Filgotinib (GLPG0634),Filgotinib (GLPG0634),49831257,C1CC1C(=O)NC2=NN3C(=N2)C=CC=C3C4=CC=C(C=C4)CN5CCS(=O)(=O)CC5,C1CC1C(=O)NC2=NN3C(=N2)C=CC=C3C4=CC=C(C=C4)CN5CCS(=O)(=O)CC5,"N-[5-[4-[(1,1-dioxo-1,4-thiazinan-4-yl)methyl]phenyl]-[1,2,4]triazolo[1,5-a]pyridin-2-yl]cyclopropanecarboxamide",C21H23N5O3S,matched
Flavopiridol HCl,Flavopiridol HCl,9910986,CN1CC[C@@H]([C@@H](C1)O)C2=C(C=C(C3=C2OC(=CC3=O)C4=CC=CC=C4Cl)O)O.Cl,CN1CC[C@@H]([C@@H](C1)O)C2=C(C=C(C3=C2OC(=CC3=O)C4=CC=CC=C4Cl)O)O.Cl,"2-(2-chlorophenyl)-5,7-dihydroxy-8-[(3S,4R)-3-hydroxy-1-methylpiperidin-4-yl]chromen-4-one;hydrochloride",C21H21Cl2NO5,matched
"Fluorouracil (5-Fluoracil, 5-FU)","Fluorouracil (5-Fluoracil, 5-FU)",3385,C1=C(C(=O)NC(=O)N1)F,C1=C(C(=O)NC(=O)N1)F,"5-fluoro-1H-pyrimidine-2,4-dione",C4H3FN2O2,matched
Fulvestrant,Fulvestrant,104741,C[C@]12CC[C@H]3[C@H]([C@@H]1CC[C@@H]2O)[C@@H](CC4=C3C=CC(=C4)O)CCCCCCCCCS(=O)CCCC(C(F)(F)F)(F)F,C[C@]12CC[C@H]3[C@H]([C@@H]1CC[C@@H]2O)[C@@H](CC4=C3C=CC(=C4)O)CCCCCCCCCS(=O)CCCC(C(F)(F)F)(F)F,"(7R,8R,9S,13S,14S,17S)-13-methyl-7-[9-(4,4,5,5,5-pentafluoropentylsulfinyl)nonyl]-6,7,8,9,11,12,14,15,16,17-decahydrocyclopenta[a]phenanthrene-3,17-diol",C32H47F5O3S,matched
G007-LK,G007-LK,67960134,CS(=O)(=O)C1=CN=C(C=C1)C2=NN=C(N2C3=CC=CC=C3Cl)/C=C/C4=NN=C(O4)C5=CC=C(C=C5)C#N,CS(=O)(=O)C1=CN=C(C=C1)C2=NN=C(N2C3=CC=CC=C3Cl)/C=C/C4=NN=C(O4)C5=CC=C(C=C5)C#N,"4-[5-[(E)-2-[4-(2-chlorophenyl)-5-(5-methylsulfonyl-2-pyridinyl)-1,2,4-triazol-3-yl]ethenyl]-1,3,4-oxadiazol-2-yl]benzonitrile",C25H16ClN7O3S,matched
GSK J1,GSK J1,56963315,C1CN(CCC2=CC=CC=C21)C3=NC(=NC(=C3)NCCC(=O)O)C4=CC=CC=N4,C1CN(CCC2=CC=CC=C21)C3=NC(=NC(=C3)NCCC(=O)O)C4=CC=CC=N4,"3-[[2-pyridin-2-yl-6-(1,2,4,5-tetrahydro-3-benzazepin-3-yl)pyrimidin-4-yl]amino]propanoic acid",C22H23N5O2,matched
GSK-LSD1 2HCl,GSK-LSD1 2HCl,91663353,C1CNCCC1N[C@@H]2C[C@H]2C3=CC=CC=C3.Cl.Cl,C1CNCCC1N[C@@H]2C[C@H]2C3=CC=CC=C3.Cl.Cl,"N-[(1R,2S)-2-phenylcyclopropyl]piperidin-4-amine;dihydrochloride",C14H22Cl2N2,matched
GSK1070916,GSK1070916,46885626,CCN1C=C(C(=N1)C2=CC=C(C=C2)NC(=O)N(C)C)C3=C4C=C(NC4=NC=C3)C5=CC=CC(=C5)CN(C)C,CCN1C=C(C(=N1)C2=CC=C(C=C2)NC(=O)N(C)C)C3=C4C=C(NC4=NC=C3)C5=CC=CC(=C5)CN(C)C,"3-[4-[4-[2-[3-[(dimethylamino)methyl]phenyl]-1H-pyrrolo[2,3-b]pyridin-4-yl]-1-ethylpyrazol-3-yl]phenyl]-1,1-dimethylurea",C30H33N7O,matched
Gandotinib (LY2784544),Gandotinib (LY2784544),46213929,CC1=CC(=NN1)NC2=NN3C(=C(N=C3C(=C2)CN4CCOCC4)C)CC5=C(C=C(C=C5)Cl)F,CC1=CC(=NN1)NC2=NN3C(=C(N=C3C(=C2)CN4CCOCC4)C)CC5=C(C=C(C=C5)Cl)F,"3-[(4-chloro-2-fluorophenyl)methyl]-2-methyl-N-(5-methyl-1H-pyrazol-3-yl)-8-(morpholin-4-ylmethyl)imidazo[1,2-b]pyridazin-6-amine",C23H25ClFN7O,matched
Givinostat (ITF2357),Givinostat (ITF2357),9804991,CCN(CC)CC1=CC2=C(C=C1)C=C(C=C2)COC(=O)NC3=CC=C(C=C3)C(=O)NO.O.Cl,CCN(CC)CC1=CC2=C(C=C1)C=C(C=C2)COC(=O)NC3=CC=C(C=C3)C(=O)NO.O.Cl,[6-(diethylaminomethyl)naphthalen-2-yl]methyl N-[4-(hydroxycarbamoyl)phenyl]carbamate;hydrate;hydrochloride,C24H30ClN3O5,matched
Glesatinib?(MGCD265),MGCD265,25181472,COCCNCC1=CN=C(C=C1)C2=CC3=NC=CC(=C3S2)OC4=C(C=C(C=C4)NC(=S)NC(=O)CC5=CC=C(C=C5)F)F,COCCNCC1=CN=C(C=C1)C2=CC3=NC=CC(=C3S2)OC4=C(C=C(C=C4)NC(=S)NC(=O)CC5=CC=C(C=C5)F)F,"N-[[3-fluoro-4-[2-[5-[(2-methoxyethylamino)methyl]-2-pyridinyl]thieno[3,2-b]pyridin-7-yl]oxyphenyl]carbamothioyl]-2-(4-fluorophenyl)acetamide",C31H27F2N5O3S2,matched
Hesperadin,Hesperadin,135421442,CCS(=O)(=O)NC1=CC2=C(C=C1)NC(=C2C(=NC3=CC=C(C=C3)CN4CCCCC4)C5=CC=CC=C5)O,CCS(=O)(=O)NC1=CC2=C(C=C1)NC(=C2C(=NC3=CC=C(C=C3)CN4CCCCC4)C5=CC=CC=C5)O,N-[2-hydroxy-3-[C-phenyl-N-[4-(piperidin-1-ylmethyl)phenyl]carbonimidoyl]-1H-indol-5-yl]ethanesulfonamide,C29H32N4O3S,matched
INO-1001 (3-Aminobenzamide),INO-1001 (3-Aminobenzamide),1645,C1=CC(=CC(=C1)N)C(=O)N,C1=CC(=CC(=C1)N)C(=O)N,3-aminobenzamide,C7H8N2O,matched
IOX2,IOX2,54685215,C1=CC=C(C=C1)CN2C3=CC=CC=C3C(=C(C2=O)C(=O)NCC(=O)O)O,C1=CC=C(C=C1)CN2C3=CC=CC=C3C(=C(C2=O)C(=O)NCC(=O)O)O,2-[(1-benzyl-4-hydroxy-2-oxoquinoline-3-carbonyl)amino]acetic acid,C19H16N2O5,matched
ITSA-1 (ITSA1),ITSA-1 (ITSA1),771910,C1=CC=C2C(=C1)N=NN2C(=O)C3=C(C=C(C=C3)Cl)Cl,C1=CC=C2C(=C1)N=NN2C(=O)C3=C(C=C(C=C3)Cl)Cl,"benzotriazol-1-yl-(2,4-dichlorophenyl)methanone",C13H7Cl2N3O,matched
Iniparib (BSI-201),Iniparib (BSI-201),9796068,C1=CC(=C(C=C1C(=O)N)[N+](=O)[O-])I,C1=CC(=C(C=C1C(=O)N)[N+](=O)[O-])I,4-iodo-3-nitrobenzamide,C7H5IN2O3,matched
Ivosidenib (AG-120),Ivosidenib,71657455,C1CC(=O)N([C@@H]1C(=O)N(C2=CC(=CN=C2)F)[C@@H](C3=CC=CC=C3Cl)C(=O)NC4CC(C4)(F)F)C5=NC=CC(=C5)C#N,C1CC(=O)N([C@@H]1C(=O)N(C2=CC(=CN=C2)F)[C@@H](C3=CC=CC=C3Cl)C(=O)NC4CC(C4)(F)F)C5=NC=CC(=C5)C#N,"(2S)-N-[(1S)-1-(2-chlorophenyl)-2-[(3,3-difluorocyclobutyl)amino]-2-oxoethyl]-1-(4-cyano-2-pyridinyl)-N-(5-fluoro-3-pyridinyl)-5-oxopyrrolidine-2-carboxamide",C28H22ClF3N6O3,matched
JNJ-26854165 (Serdemetan),JNJ-26854165 (Serdemetan),11609586,C1=CC=C2C(=C1)C(=CN2)CCNC3=CC=C(C=C3)NC4=CC=NC=C4,C1=CC=C2C(=C1)C(=CN2)CCNC3=CC=C(C=C3)NC4=CC=NC=C4,"1-N-[2-(1H-indol-3-yl)ethyl]-4-N-pyridin-4-ylbenzene-1,4-diamine",C21H20N4,matched
JNJ-7706621,JNJ-7706621,5330790,C1=CC(=C(C(=C1)F)C(=O)N2C(=NC(=N2)NC3=CC=C(C=C3)S(=O)(=O)N)N)F,C1=CC(=C(C(=C1)F)C(=O)N2C(=NC(=N2)NC3=CC=C(C=C3)S(=O)(=O)N)N)F,"4-[[5-amino-1-(2,6-difluorobenzoyl)-1,2,4-triazol-3-yl]amino]benzenesulfonamide",C15H12F2N6O3S,matched
KW-2449,KW-2449,11427553,C1CN(CCN1)C(=O)C2=CC=C(C=C2)/C=C/C3=NNC4=CC=CC=C43,C1CN(CCN1)C(=O)C2=CC=C(C=C2)/C=C/C3=NNC4=CC=CC=C43,[4-[(E)-2-(1H-indazol-3-yl)ethenyl]phenyl]-piperazin-1-ylmethanone,C20H20N4O,matched
Ki16425,Ki16425,10367662,CC1=NOC(=C1NC(=O)OC(C)C2=CC=CC=C2Cl)C3=CC=C(C=C3)CSCCC(=O)O,CC1=NOC(=C1NC(=O)OC(C)C2=CC=CC=C2Cl)C3=CC=C(C=C3)CSCCC(=O)O,"3-[[4-[4-[1-(2-chlorophenyl)ethoxycarbonylamino]-3-methyl-1,2-oxazol-5-yl]phenyl]methylsulfanyl]propanoic acid",C23H23ClN2O5S,matched
Ki8751,Ki8751,11317348,COC1=CC2=C(C=CN=C2C=C1OC)OC3=CC(=C(C=C3)NC(=O)NC4=C(C=C(C=C4)F)F)F,COC1=CC2=C(C=CN=C2C=C1OC)OC3=CC(=C(C=C3)NC(=O)NC4=C(C=C(C=C4)F)F)F,"1-(2,4-difluorophenyl)-3-[4-(6,7-dimethoxyquinolin-4-yl)oxy-2-fluorophenyl]urea",C24H18F3N3O4,matched
Lapatinib (GW-572016) Ditosylate,Lapatinib (GW-572016) Ditosylate,9941095,CC1=CC=C(C=C1)S(=O)(=O)O.CC1=CC=C(C=C1)S(=O)(=O)O.CS(=O)(=O)CCNCC1=CC=C(O1)C2=CC3=C(C=C2)N=CN=C3NC4=CC(=C(C=C4)OCC5=CC(=CC=C5)F)Cl,CC1=CC=C(C=C1)S(=O)(=O)O.CC1=CC=C(C=C1)S(=O)(=O)O.CS(=O)(=O)CCNCC1=CC=C(O1)C2=CC3=C(C=C2)N=CN=C3NC4=CC(=C(C=C4)OCC5=CC(=CC=C5)F)Cl,N-[3-chloro-4-[(3-fluorophenyl)methoxy]phenyl]-6-[5-[(2-methylsulfonylethylamino)methyl]furan-2-yl]quinazolin-4-amine;bis(4-methylbenzenesulfonic acid),C43H42ClFN4O10S3,matched
Lenalidomide (CC-5013),Lenalidomide (CC-5013),216326,C1CC(=O)NC(=O)C1N2CC3=C(C2=O)C=CC=C3N,C1CC(=O)NC(=O)C1N2CC3=C(C2=O)C=CC=C3N,"3-(7-amino-3-oxo-1H-isoindol-2-yl)piperidine-2,6-dione",C13H13N3O3,matched
Linifanib (ABT-869),Linifanib (ABT-869),11485656,CC1=CC(=C(C=C1)F)NC(=O)NC2=CC=C(C=C2)C3=C4C(=CC=C3)NN=C4N,CC1=CC(=C(C=C1)F)NC(=O)NC2=CC=C(C=C2)C3=C4C(=CC=C3)NN=C4N,1-[4-(3-amino-1H-indazol-4-yl)phenyl]-3-(2-fluoro-5-methylphenyl)urea,C21H18FN5O,matched
Lomustine ,Lomustine,3950,C1CCC(CC1)NC(=O)N(CCCl)N=O,C1CCC(CC1)NC(=O)N(CCCl)N=O,1-(2-chloroethyl)-3-cyclohexyl-1-nitrosourea,C9H16ClN3O2,matched
"Luminespib (AUY-922, NVP-AUY922)","Luminespib (AUY-922, NVP-AUY922)",135539077,CCNC(=O)C1=NOC(=C1C2=CC=C(C=C2)CN3CCOCC3)C4=CC(=C(C=C4O)O)C(C)C,CCNC(=O)C1=NOC(=C1C2=CC=C(C=C2)CN3CCOCC3)C4=CC(=C(C=C4O)O)C(C)C,"5-(2,4-dihydroxy-5-propan-2-ylphenyl)-N-ethyl-4-[4-(morpholin-4-ylmethyl)phenyl]-1,2-oxazole-3-carboxamide",C26H31N3O5,matched
M344,M344,3994,CN(C)C1=CC=C(C=C1)C(=O)NCCCCCCC(=O)NO,CN(C)C1=CC=C(C=C1)C(=O)NCCCCCCC(=O)NO,4-(dimethylamino)-N-[7-(hydroxyamino)-7-oxoheptyl]benzamide,C16H25N3O3,matched
MC1568,MC1568,11381449,CN1C=C(C=C1/C=C/C(=O)NO)/C=C/C(=O)C2=CC(=CC=C2)F,CN1C=C(C=C1/C=C/C(=O)NO)/C=C/C(=O)C2=CC(=CC=C2)F,(E)-3-[4-[(E)-3-(3-fluorophenyl)-3-oxoprop-1-enyl]-1-methylpyrrol-2-yl]-N-hydroxyprop-2-enamide,C17H15FN2O3,matched
MK-0752,MK-0752,9803433,C1CC(CCC1CCC(=O)O)(C2=C(C=CC(=C2)F)F)S(=O)(=O)C3=CC=C(C=C3)Cl,C1CC(CCC1CCC(=O)O)(C2=C(C=CC(=C2)F)F)S(=O)(=O)C3=CC=C(C=C3)Cl,"3-[4-(4-chlorophenyl)sulfonyl-4-(2,5-difluorophenyl)cyclohexyl]propanoic acid",C21H21ClF2O4S,matched
MK-5108 (VX-689),MK-5108 (VX-689),24748204,C1CC(CCC1OC2=C(C(=CC=C2)Cl)F)(CC3=NC(=CC=C3)NC4=NC=CS4)C(=O)O,C1CC(CCC1OC2=C(C(=CC=C2)Cl)F)(CC3=NC(=CC=C3)NC4=NC=CS4)C(=O)O,"4-(3-chloro-2-fluorophenoxy)-1-[[6-(1,3-thiazol-2-ylamino)-2-pyridinyl]methyl]cyclohexane-1-carboxylic acid",C22H21ClFN3O3S,matched
MLN8054,MLN8054,11712649,C1C2=CN=C(N=C2C3=C(C=C(C=C3)Cl)C(=N1)C4=C(C=CC=C4F)F)NC5=CC=C(C=C5)C(=O)O,C1C2=CN=C(N=C2C3=C(C=C(C=C3)Cl)C(=N1)C4=C(C=CC=C4F)F)NC5=CC=C(C=C5)C(=O)O,"4-[[9-chloro-7-(2,6-difluorophenyl)-5H-pyrimido[5,4-d][2]benzazepin-2-yl]amino]benzoic acid",C25H15ClF2N4O2,matched
Maraviroc,Maraviroc,3002977,CC1=NN=C(N1C2C[C@H]3CC[C@@H](C2)N3CC[C@@H](C4=CC=CC=C4)NC(=O)C5CCC(CC5)(F)F)C(C)C,CC1=NN=C(N1C2C[C@H]3CC[C@@H](C2)N3CC[C@@H](C4=CC=CC=C4)NC(=O)C5CCC(CC5)(F)F)C(C)C,"4,4-difluoro-N-[(1S)-3-[(1S,5R)-3-(3-methyl-5-propan-2-yl-1,2,4-triazol-4-yl)-8-azabicyclo[3.2.1]octan-8-yl]-1-phenylpropyl]cyclohexane-1-carboxamide",C29H41F2N5O,matched
Meprednisone,Meprednisone,5284587,C[C@H]1C[C@H]2[C@@H]3CCC4=CC(=O)C=C[C@@]4([C@H]3C(=O)C[C@@]2([C@]1(C(=O)CO)O)C)C,C[C@H]1C[C@H]2[C@@H]3CCC4=CC(=O)C=C[C@@]4([C@H]3C(=O)C[C@@]2([C@]1(C(=O)CO)O)C)C,"(8S,9S,10R,13S,14S,16S,17R)-17-hydroxy-17-(2-hydroxyacetyl)-10,13,16-trimethyl-6,7,8,9,12,14,15,16-octahydrocyclopenta[a]phenanthrene-3,11-dione",C22H28O5,matched
Mercaptopurine (6-MP),Mercaptopurine (6-MP),667490,C1=NC2=C(N1)C(=S)N=CN2,C1=NC2=C(N1)C(=S)N=CN2,"3,7-dihydropurine-6-thione",C5H4N4S,matched
Mesna ,Mesna,23662354,C(CS(=O)(=O)[O-])S.[Na+],C(CS(=O)(=O)[O-])S.[Na+],sodium 2-sulfanylethanesulfonate,C2H5NaO3S2,matched
Mocetinostat (MGCD0103),Mocetinostat (MGCD0103),9865515,C1=CC=C(C(=C1)N)NC(=O)C2=CC=C(C=C2)CNC3=NC=CC(=N3)C4=CN=CC=C4,C1=CC=C(C(=C1)N)NC(=O)C2=CC=C(C=C2)CNC3=NC=CC(=N3)C4=CN=CC=C4,N-(2-aminophenyl)-4-[[(4-pyridin-3-ylpyrimidin-2-yl)amino]methyl]benzamide,C23H20N6O,matched
Momelotinib (CYT387),Momelotinib (CYT387),25062766,C1COCCN1C2=CC=C(C=C2)NC3=NC=CC(=N3)C4=CC=C(C=C4)C(=O)NCC#N,C1COCCN1C2=CC=C(C=C2)NC3=NC=CC(=N3)C4=CC=C(C=C4)C(=O)NCC#N,N-(cyanomethyl)-4-[2-(4-morpholin-4-ylanilino)pyrimidin-4-yl]benzamide,C23H22N6O2,matched
Motesanib Diphosphate (AMG-706),Motesanib Diphosphate (AMG-706),16097729,CC1(CNC2=C1C=CC(=C2)NC(=O)C3=C(N=CC=C3)NCC4=CC=NC=C4)C.OP(=O)(O)O.OP(=O)(O)O,CC1(CNC2=C1C=CC(=C2)NC(=O)C3=C(N=CC=C3)NCC4=CC=NC=C4)C.OP(=O)(O)O.OP(=O)(O)O,"N-(3,3-dimethyl-1,2-dihydroindol-6-yl)-2-(pyridin-4-ylmethylamino)pyridine-3-carboxamide;phosphoric acid",C22H29N5O9P2,matched
NVP-BSK805 2HCl,NVP-BSK805 2HCl,57339395,C1CNCCC1N2C=C(C=N2)C3=NC4=C(C=CC=C4N=C3)C5=CC(=C(C(=C5)F)CN6CCOCC6)F.Cl.Cl,C1CNCCC1N2C=C(C=N2)C3=NC4=C(C=CC=C4N=C3)C5=CC(=C(C(=C5)F)CN6CCOCC6)F.Cl.Cl,"4-[[2,6-difluoro-4-[3-(1-piperidin-4-ylpyrazol-4-yl)quinoxalin-5-yl]phenyl]methyl]morpholine;dihydrochloride",C27H30Cl2F2N6O,matched
Navitoclax (ABT-263),Navitoclax (ABT-263),24978538,CC1(CCC(=C(C1)CN2CCN(CC2)C3=CC=C(C=C3)C(=O)NS(=O)(=O)C4=CC(=C(C=C4)N[C@H](CCN5CCOCC5)CSC6=CC=CC=C6)S(=O)(=O)C(F)(F)F)C7=CC=C(C=C7)Cl)C,CC1(CCC(=C(C1)CN2CCN(CC2)C3=CC=C(C=C3)C(=O)NS(=O)(=O)C4=CC(=C(C=C4)N[C@H](CCN5CCOCC5)CSC6=CC=CC=C6)S(=O)(=O)C(F)(F)F)C7=CC=C(C=C7)Cl)C,"4-[4-[[2-(4-chlorophenyl)-5,5-dimethylcyclohexen-1-yl]methyl]piperazin-1-yl]-N-[4-[[(2R)-4-morpholin-4-yl-1-phenylsulfanylbutan-2-yl]amino]-3-(trifluoromethylsulfonyl)phenyl]sulfonylbenzamide",C47H55ClF3N5O6S3,matched
Nilotinib (AMN-107),Nilotinib (AMN-107),644241,CC1=C(C=C(C=C1)C(=O)NC2=CC(=CC(=C2)C(F)(F)F)N3C=C(N=C3)C)NC4=NC=CC(=N4)C5=CN=CC=C5,CC1=C(C=C(C=C1)C(=O)NC2=CC(=CC(=C2)C(F)(F)F)N3C=C(N=C3)C)NC4=NC=CC(=N4)C5=CN=CC=C5,4-methyl-N-[3-(4-methylimidazol-1-yl)-5-(trifluoromethyl)phenyl]-3-[(4-pyridin-3-ylpyrimidin-2-yl)amino]benzamide,C28H22F3N7O,matched
Nintedanib (BIBF 1120),Nintedanib (BIBF 1120),135423438,CN1CCN(CC1)CC(=O)N(C)C2=CC=C(C=C2)N=C(C3=CC=CC=C3)C4=C(NC5=C4C=CC(=C5)C(=O)OC)O,CN1CCN(CC1)CC(=O)N(C)C2=CC=C(C=C2)N=C(C3=CC=CC=C3)C4=C(NC5=C4C=CC(=C5)C(=O)OC)O,methyl 2-hydroxy-3-[N-[4-[methyl-[2-(4-methylpiperazin-1-yl)acetyl]amino]phenyl]-C-phenylcarbonimidoyl]-1H-indole-6-carboxylate,C31H33N5O4,matched
Obatoclax Mesylate (GX15-070),Obatoclax Mesylate (GX15-070),16681698,CC1=CC(=C(N1)/C=C\2/C(=C/C(=C/3\C=C4C=CC=CC4=N3)/N2)OC)C.CS(=O)(=O)O,CC1=CC(=C(N1)/C=C\2/C(=C/C(=C/3\C=C4C=CC=CC4=N3)/N2)OC)C.CS(=O)(=O)O,"(2Z)-2-[(5Z)-5-[(3,5-dimethyl-1H-pyrrol-2-yl)methylidene]-4-methoxypyrrol-2-ylidene]indole;methanesulfonic acid",C21H23N3O4S,matched
Ofloxacin,Ofloxacin,4583,CC1COC2=C3N1C=C(C(=O)C3=CC(=C2N4CCN(CC4)C)F)C(=O)O,CC1COC2=C3N1C=C(C(=O)C3=CC(=C2N4CCN(CC4)C)F)C(=O)O,"7-fluoro-2-methyl-6-(4-methylpiperazin-1-yl)-10-oxo-4-oxa-1-azatricyclo[7.3.1.05,13]trideca-5(13),6,8,11-tetraene-11-carboxylic acid",C18H20FN3O4,matched
PCI-34051,PCI-34051,24753719,COC1=CC=C(C=C1)CN2C=CC3=C2C=C(C=C3)C(=O)NO,COC1=CC=C(C=C1)CN2C=CC3=C2C=C(C=C3)C(=O)NO,N-hydroxy-1-[(4-methoxyphenyl)methyl]indole-6-carboxamide,C17H16N2O3,matched
PD173074,PD173074,1401,CCN(CC)CCCCNC1=NC2=NC(=C(C=C2C=N1)C3=CC(=CC(=C3)OC)OC)NC(=O)NC(C)(C)C,CCN(CC)CCCCNC1=NC2=NC(=C(C=C2C=N1)C3=CC(=CC(=C3)OC)OC)NC(=O)NC(C)(C)C,"1-tert-butyl-3-[2-[4-(diethylamino)butylamino]-6-(3,5-dimethoxyphenyl)pyrido[2,3-d]pyrimidin-7-yl]urea",C28H41N7O3,matched
PD98059,PD98059,4713,COC1=CC=CC(=C1N)C2=CC(=O)C3=CC=CC=C3O2,COC1=CC=CC(=C1N)C2=CC(=O)C3=CC=CC=C3O2,2-(2-amino-3-methoxyphenyl)chromen-4-one,C16H13NO3,matched
PF-3845,PF-3845,25154867,C1CN(CCC1CC2=CC(=CC=C2)OC3=NC=C(C=C3)C(F)(F)F)C(=O)NC4=CN=CC=C4,C1CN(CCC1CC2=CC(=CC=C2)OC3=NC=C(C=C3)C(F)(F)F)C(=O)NC4=CN=CC=C4,N-pyridin-3-yl-4-[[3-[[5-(trifluoromethyl)-2-pyridinyl]oxy]phenyl]methyl]piperidine-1-carboxamide,C24H23F3N4O2,matched
PF-573228,PF-573228,11612883,CS(=O)(=O)C1=CC=CC(=C1)CNC2=NC(=NC=C2C(F)(F)F)NC3=CC4=C(C=C3)NC(=O)CC4,CS(=O)(=O)C1=CC=CC(=C1)CNC2=NC(=NC=C2C(F)(F)F)NC3=CC4=C(C=C3)NC(=O)CC4,"6-[[4-[(3-methylsulfonylphenyl)methylamino]-5-(trifluoromethyl)pyrimidin-2-yl]amino]-3,4-dihydro-1H-quinolin-2-one",C22H20F3N5O3S,matched
PFI-1 (PF-6405761),PFI-1 (PF-6405761),71271629,CN1CC2=C(C=CC(=C2)NS(=O)(=O)C3=CC=CC=C3OC)NC1=O,CN1CC2=C(C=CC(=C2)NS(=O)(=O)C3=CC=CC=C3OC)NC1=O,"2-methoxy-N-(3-methyl-2-oxo-1,4-dihydroquinazolin-6-yl)benzenesulfonamide",C16H17N3O4S,matched
PHA-680632,PHA-680632,11249084,CCC1=C(C(=CC=C1)CC)NC(=O)N2CC3=C(C2)NN=C3NC(=O)C4=CC=C(C=C4)N5CCN(CC5)C,CCC1=C(C(=CC=C1)CC)NC(=O)N2CC3=C(C2)NN=C3NC(=O)C4=CC=C(C=C4)N5CCN(CC5)C,"N-(2,6-diethylphenyl)-3-[[4-(4-methylpiperazin-1-yl)benzoyl]amino]-4,6-dihydro-1H-pyrrolo[3,4-d]pyrazole-5-carboxamide",C28H35N7O2,matched
PJ34,PJ34,4858,CN(C)CC(=O)NC1=CC2=C(C=C1)NC(=O)C3=CC=CC=C32,CN(C)CC(=O)NC1=CC2=C(C=C1)NC(=O)C3=CC=CC=C32,2-(dimethylamino)-N-(6-oxo-5H-phenanthridin-2-yl)acetamide,C17H17N3O2,matched
Panobinostat (LBH589),Panobinostat (LBH589),6918837,CC1=C(C2=CC=CC=C2N1)CCNCC3=CC=C(C=C3)/C=C/C(=O)NO,CC1=C(C2=CC=CC=C2N1)CCNCC3=CC=C(C=C3)/C=C/C(=O)NO,(E)-N-hydroxy-3-[4-[[2-(2-methyl-1H-indol-3-yl)ethylamino]methyl]phenyl]prop-2-enamide,C21H23N3O2,matched
"Patupilone (EPO906, Epothilone B)","Patupilone (EPO906, Epothilone B)",448013,C[C@H]1CCC[C@@]2([C@@H](O2)C[C@H](OC(=O)C[C@@H](C(C(=O)[C@@H]([C@H]1O)C)(C)C)O)/C(=C/C3=CSC(=N3)C)/C)C,C[C@H]1CCC[C@@]2([C@@H](O2)C[C@H](OC(=O)C[C@@H](C(C(=O)[C@@H]([C@H]1O)C)(C)C)O)/C(=C/C3=CSC(=N3)C)/C)C,"(1S,3S,7S,10R,11S,12S,16R)-7,11-dihydroxy-8,8,10,12,16-pentamethyl-3-[(E)-1-(2-methyl-1,3-thiazol-4-yl)prop-1-en-2-yl]-4,17-dioxabicyclo[14.1.0]heptadecane-5,9-dione",C27H41NO6S,matched
Pelitinib (EKB-569),Pelitinib (EKB-569),6445562,CCOC1=C(C=C2C(=C1)N=CC(=C2NC3=CC(=C(C=C3)F)Cl)C#N)NC(=O)/C=C/CN(C)C,CCOC1=C(C=C2C(=C1)N=CC(=C2NC3=CC(=C(C=C3)F)Cl)C#N)NC(=O)/C=C/CN(C)C,(E)-N-[4-(3-chloro-4-fluoroanilino)-3-cyano-7-ethoxyquinolin-6-yl]-4-(dimethylamino)but-2-enamide,C24H23ClFN5O2,matched
Pirarubicin,Pirarubicin,11296583,C[C@H]1[C@H]([C@H](C[C@@H](O1)O[C@H]2C[C@@](CC3=C2C(=C4C(=C3O)C(=O)C5=C(C4=O)C(=CC=C5)OC)O)(C(=O)CO)O)N)O[C@@H]6CCCCO6,C[C@H]1[C@H]([C@H](C[C@@H](O1)O[C@H]2C[C@@](CC3=C2C(=C4C(=C3O)C(=O)C5=C(C4=O)C(=CC=C5)OC)O)(C(=O)CO)O)N)O[C@@H]6CCCCO6,"(7S,9S)-7-[(2R,4S,5S,6S)-4-amino-6-methyl-5-[(2R)-oxan-2-yl]oxyoxan-2-yl]oxy-6,9,11-trihydroxy-9-(2-hydroxyacetyl)-4-methoxy-8,10-dihydro-7H-tetracene-5,12-dione",C32H37NO12,matched
Pracinostat (SB939),Pracinostat (SB939),49855250,CCCCC1=NC2=C(N1CCN(CC)CC)C=CC(=C2)/C=C/C(=O)NO,CCCCC1=NC2=C(N1CCN(CC)CC)C=CC(=C2)/C=C/C(=O)NO,(E)-3-[2-butyl-1-[2-(diethylamino)ethyl]benzimidazol-5-yl]-N-hydroxyprop-2-enamide,C20H30N4O2,matched
Prednisone ,Prednisone,5865,C[C@]12CC(=O)[C@H]3[C@H]([C@@H]1CC[C@@]2(C(=O)CO)O)CCC4=CC(=O)C=C[C@]34C,C[C@]12CC(=O)[C@H]3[C@H]([C@@H]1CC[C@@]2(C(=O)CO)O)CCC4=CC(=O)C=C[C@]34C,"(8S,9S,10R,13S,14S,17R)-17-hydroxy-17-(2-hydroxyacetyl)-10,13-dimethyl-6,7,8,9,12,14,15,16-octahydrocyclopenta[a]phenanthrene-3,11-dione",C21H26O5,matched
Quercetin,Quercetin,5280343,C1=CC(=C(C=C1C2=C(C(=O)C3=C(C=C(C=C3O2)O)O)O)O)O,C1=CC(=C(C=C1C2=C(C(=O)C3=C(C=C(C=C3O2)O)O)O)O)O,"2-(3,4-dihydroxyphenyl)-3,5,7-trihydroxychromen-4-one",C15H10O7,matched
Quisinostat (JNJ-26481585) 2HCl,Quisinostat (JNJ-26481585) 2HCl,122129987,CN1C=C(C2=CC=CC=C21)CNCC3CCN(CC3)C4=NC=C(C=N4)C(=O)NO.Cl.Cl,CN1C=C(C2=CC=CC=C21)CNCC3CCN(CC3)C4=NC=C(C=N4)C(=O)NO.Cl.Cl,N-hydroxy-2-[4-[[(1-methylindol-3-yl)methylamino]methyl]piperidin-1-yl]pyrimidine-5-carboxamide;dihydrochloride,C21H28Cl2N6O2,matched
RG108,RG108,344265,C1=CC=C2C(=C1)C(=O)N(C2=O)C(CC3=CNC4=CC=CC=C43)C(=O)O,C1=CC=C2C(=C1)C(=O)N(C2=O)C(CC3=CNC4=CC=CC=C43)C(=O)O,"2-(1,3-dioxoisoindol-2-yl)-3-(1H-indol-3-yl)propanoic acid",C19H14N2O4,matched
Raltitrexed,Raltitrexed,135400182,CC1=NC2=C(C=C(C=C2)CN(C)C3=CC=C(S3)C(=O)N[C@@H](CCC(=O)O)C(=O)O)C(=O)N1,CC1=NC2=C(C=C(C=C2)CN(C)C3=CC=C(S3)C(=O)N[C@@H](CCC(=O)O)C(=O)O)C(=O)N1,(2S)-2-[[5-[methyl-[(2-methyl-4-oxo-3H-quinazolin-6-yl)methyl]amino]thiophene-2-carbonyl]amino]pentanedioic acid,C21H22N4O6S,matched
Ramelteon,Ramelteon,208902,CCC(=O)NCC[C@@H]1CCC2=C1C3=C(C=C2)OCC3,CCC(=O)NCC[C@@H]1CCC2=C1C3=C(C=C2)OCC3,"N-[2-[(8S)-2,6,7,8-tetrahydro-1H-cyclopenta[e][1]benzofuran-8-yl]ethyl]propanamide",C16H21NO2,matched
Regorafenib (BAY 73-4506),Regorafenib (BAY 73-4506),11167602,CNC(=O)C1=NC=CC(=C1)OC2=CC(=C(C=C2)NC(=O)NC3=CC(=C(C=C3)Cl)C(F)(F)F)F,CNC(=O)C1=NC=CC(=C1)OC2=CC(=C(C=C2)NC(=O)NC3=CC(=C(C=C3)Cl)C(F)(F)F)F,4-[4-[[4-chloro-3-(trifluoromethyl)phenyl]carbamoylamino]-3-fluorophenoxy]-N-methylpyridine-2-carboxamide,C21H15ClF4N4O3,matched
Resminostat,Resminostat,11609955,CN(C)CC1=CC=C(C=C1)S(=O)(=O)N2C=CC(=C2)/C=C/C(=O)NO,CN(C)CC1=CC=C(C=C1)S(=O)(=O)N2C=CC(=C2)/C=C/C(=O)NO,(E)-3-[1-[4-[(dimethylamino)methyl]phenyl]sulfonylpyrrol-3-yl]-N-hydroxyprop-2-enamide,C16H19N3O4S,matched
Resveratrol,Resveratrol,445154,C1=CC(=CC=C1/C=C/C2=CC(=CC(=C2)O)O)O,C1=CC(=CC=C1/C=C/C2=CC(=CC(=C2)O)O)O,"5-[(E)-2-(4-hydroxyphenyl)ethenyl]benzene-1,3-diol",C14H12O3,matched
Rigosertib (ON-01910),Rigosertib (ON-01910),23696523,COC1=C(C=C(C=C1)CS(=O)(=O)/C=C/C2=C(C=C(C=C2OC)OC)OC)NCC(=O)[O-].[Na+],COC1=C(C=C(C=C1)CS(=O)(=O)/C=C/C2=C(C=C(C=C2OC)OC)OC)NCC(=O)[O-].[Na+],"sodium 2-[2-methoxy-5-[[(E)-2-(2,4,6-trimethoxyphenyl)ethenyl]sulfonylmethyl]anilino]acetate",C21H24NNaO8S,matched
"Roscovitine (Seliciclib,CYC202)","Roscovitine (Seliciclib,CYC202)",160355,CC[C@H](CO)NC1=NC(=C2C(=N1)N(C=N2)C(C)C)NCC3=CC=CC=C3,CC[C@H](CO)NC1=NC(=C2C(=N1)N(C=N2)C(C)C)NCC3=CC=CC=C3,(2R)-2-[[6-(benzylamino)-9-propan-2-ylpurin-2-yl]amino]butan-1-ol,C19H26N6O,matched
Roxadustat (FG-4592),Roxadustat (FG-4592),11256664,CC1=C2C=C(C=CC2=C(C(=N1)C(=O)NCC(=O)O)O)OC3=CC=CC=C3,CC1=C2C=C(C=CC2=C(C(=N1)C(=O)NCC(=O)O)O)OC3=CC=CC=C3,2-[(4-hydroxy-1-methyl-7-phenoxyisoquinoline-3-carbonyl)amino]acetic acid,C19H16N2O5,matched
"Rucaparib (AG-014699,PF-01367338) phosphate","Rucaparib (AG-014699,PF-01367338) phosphate",9931953,CNCC1=CC=C(C=C1)C2=C3CCNC(=O)C4=C3C(=CC(=C4)F)N2.OP(=O)(O)O,CNCC1=CC=C(C=C1)C2=C3CCNC(=O)C4=C3C(=CC(=C4)F)N2.OP(=O)(O)O,"6-fluoro-2-[4-(methylaminomethyl)phenyl]-3,10-diazatricyclo[6.4.1.04,13]trideca-1,4,6,8(13)-tetraen-9-one;phosphoric acid",C19H21FN3O5P,matched
Ruxolitinib (INCB018424),Ruxolitinib (INCB018424),25126798,C1CCC(C1)[C@@H](CC#N)N2C=C(C=N2)C3=C4C=CNC4=NC=N3,C1CCC(C1)[C@@H](CC#N)N2C=C(C=N2)C3=C4C=CNC4=NC=N3,"(3R)-3-cyclopentyl-3-[4-(7H-pyrrolo[2,3-d]pyrimidin-4-yl)pyrazol-1-yl]propanenitrile",C17H18N6,matched
S-Ruxolitinib (INCB018424),S-Ruxolitinib (INCB018424),50878566,C1CCC(C1)[C@H](CC#N)N2C=C(C=N2)C3=C4C=CNC4=NC=N3,C1CCC(C1)[C@H](CC#N)N2C=C(C=N2)C3=C4C=CNC4=NC=N3,"(3S)-3-cyclopentyl-3-[4-(7H-pyrrolo[2,3-d]pyrimidin-4-yl)pyrazol-1-yl]propanenitrile",C17H18N6,matched
S3I-201,S3I-201,252682,CC1=CC=C(C=C1)S(=O)(=O)OCC(=O)NC2=CC(=C(C=C2)C(=O)O)O,CC1=CC=C(C=C1)S(=O)(=O)OCC(=O)NC2=CC(=C(C=C2)C(=O)O)O,2-hydroxy-4-[[2-(4-methylphenyl)sulfonyloxyacetyl]amino]benzoic acid,C16H15NO7S,matched
SB431542,SB431542,4521392,C1OC2=C(O1)C=C(C=C2)C3=C(NC(=N3)C4=CC=C(C=C4)C(=O)N)C5=CC=CC=N5,C1OC2=C(O1)C=C(C=C2)C3=C(NC(=N3)C4=CC=C(C=C4)C(=O)N)C5=CC=CC=N5,"4-[4-(1,3-benzodioxol-5-yl)-5-pyridin-2-yl-1H-imidazol-2-yl]benzamide",C22H16N4O3,matched
SGI-1776 free base,SGI-1776 free base,24795070,CN1CCC(CC1)CNC2=NN3C(=NC=C3C4=CC(=CC=C4)OC(F)(F)F)C=C2,CN1CCC(CC1)CNC2=NN3C(=NC=C3C4=CC(=CC=C4)OC(F)(F)F)C=C2,"N-[(1-methylpiperidin-4-yl)methyl]-3-[3-(trifluoromethoxy)phenyl]imidazo[1,2-b]pyridazin-6-amine",C20H22F3N5O,matched
SL-327,SL-327,24906275,C1=CC=C(C(=C1)C(=C(N)SC2=CC=C(C=C2)N)C#N)C(F)(F)F,C1=CC=C(C(=C1)C(=C(N)SC2=CC=C(C=C2)N)C#N)C(F)(F)F,3-amino-3-(4-aminophenyl)sulfanyl-2-[2-(trifluoromethyl)phenyl]prop-2-enenitrile,C16H12F3N3S,matched
SNS-314,SNS-314,24995524,C1=CC(=CC(=C1)Cl)NC(=O)NC2=NC=C(S2)CCNC3=NC=NC4=C3SC=C4,C1=CC(=CC(=C1)Cl)NC(=O)NC2=NC=C(S2)CCNC3=NC=NC4=C3SC=C4,"1-(3-chlorophenyl)-3-[5-[2-(thieno[3,2-d]pyrimidin-4-ylamino)ethyl]-1,3-thiazol-2-yl]urea",C18H15ClN6OS2,matched
SRT1720 HCl,SRT1720 HCl,25232708,C1CN(CCN1)CC2=CSC3=NC(=CN23)C4=CC=CC=C4NC(=O)C5=NC6=CC=CC=C6N=C5.Cl,C1CN(CCN1)CC2=CSC3=NC(=CN23)C4=CC=CC=C4NC(=O)C5=NC6=CC=CC=C6N=C5.Cl,"N-[2-[3-(piperazin-1-ylmethyl)imidazo[2,1-b][1,3]thiazol-6-yl]phenyl]quinoxaline-2-carboxamide;hydrochloride",C25H24ClN7OS,matched
SRT2104 (GSK2245840),SRT2104 (GSK2245840),25108829,CC1=C(SC(=N1)C2=CN=CC=C2)C(=O)NC3=CC=CC=C3C4=CN5C(=CSC5=N4)CN6CCOCC6,CC1=C(SC(=N1)C2=CN=CC=C2)C(=O)NC3=CC=CC=C3C4=CN5C(=CSC5=N4)CN6CCOCC6,"4-methyl-N-[2-[3-(morpholin-4-ylmethyl)imidazo[2,1-b][1,3]thiazol-6-yl]phenyl]-2-pyridin-3-yl-1,3-thiazole-5-carboxamide",C26H24N6O2S2,matched
SRT3025 HCl,SRT3025 HCl,118986647,COCCCC1=C(N=C(S1)C2=CC=CC=C2)C(=O)NC3=CC=CC=C3C4=NC5=C(S4)N=CC(=C5)CN6CCCC6.Cl,COCCCC1=C(N=C(S1)C2=CC=CC=C2)C(=O)NC3=CC=CC=C3C4=NC5=C(S4)N=CC(=C5)CN6CCCC6.Cl,"5-(3-methoxypropyl)-2-phenyl-N-[2-[6-(pyrrolidin-1-ylmethyl)-[1,3]thiazolo[5,4-b]pyridin-2-yl]phenyl]-1,3-thiazole-4-carboxamide;hydrochloride",C31H32ClN5O2S2,matched
Selisistat (EX 527),Selisistat (EX 527),5113032,C1CC(C2=C(C1)C3=C(N2)C=CC(=C3)Cl)C(=O)N,C1CC(C2=C(C1)C3=C(N2)C=CC(=C3)Cl)C(=O)N,"6-chloro-2,3,4,9-tetrahydro-1H-carbazole-1-carboxamide",C13H13ClN2O,matched
Sirtinol,Sirtinol,2827646,CC(C1=CC=CC=C1)NC(=O)C2=CC=CC=C2N=CC3=C(C=CC4=CC=CC=C43)O,CC(C1=CC=CC=C1)NC(=O)C2=CC=CC=C2N=CC3=C(C=CC4=CC=CC=C43)O,2-[(2-hydroxynaphthalen-1-yl)methylideneamino]-N-(1-phenylethyl)benzamide,C26H22N2O2,matched
Sodium Phenylbutyrate,Sodium Phenylbutyrate,5258,C1=CC=C(C=C1)CCCC(=O)[O-].[Na+],C1=CC=C(C=C1)CCCC(=O)[O-].[Na+],sodium 4-phenylbutanoate,C10H11NaO2,matched
Sorafenib Tosylate,Sorafenib Tosylate,406563,CC1=CC=C(C=C1)S(=O)(=O)O.CNC(=O)C1=NC=CC(=C1)OC2=CC=C(C=C2)NC(=O)NC3=CC(=C(C=C3)Cl)C(F)(F)F,CC1=CC=C(C=C1)S(=O)(=O)O.CNC(=O)C1=NC=CC(=C1)OC2=CC=C(C=C2)NC(=O)NC3=CC(=C(C=C3)Cl)C(F)(F)F,4-[4-[[4-chloro-3-(trifluoromethyl)phenyl]carbamoylamino]phenoxy]-N-methylpyridine-2-carboxamide;4-methylbenzenesulfonic acid,C28H24ClF3N4O6S,matched
Streptozotocin (STZ),Streptozotocin (STZ),29327,CN(C(=O)N[C@@H]1[C@H]([C@@H]([C@H](O[C@@H]1O)CO)O)O)N=O,CN(C(=O)N[C@@H]1[C@H]([C@@H]([C@H](O[C@@H]1O)CO)O)O)N=O,"1-methyl-1-nitroso-3-[(2S,3R,4R,5S,6R)-2,4,5-trihydroxy-6-(hydroxymethyl)oxan-3-yl]urea",C8H15N3O7,matched
TAK-901,TAK-901,16124208,CCS(=O)(=O)C1=CC=CC(=C1)C2=CC(=C(C3=C2C4=C(N3)N=CC(=C4)C)C)C(=O)NC5CCN(CC5)C,CCS(=O)(=O)C1=CC=CC(=C1)C2=CC(=C(C3=C2C4=C(N3)N=CC(=C4)C)C)C(=O)NC5CCN(CC5)C,"5-(3-ethylsulfonylphenyl)-3,8-dimethyl-N-(1-methylpiperidin-4-yl)-9H-pyrido[2,3-b]indole-7-carboxamide",C28H32N4O3S,matched
TG101209,TG101209,16722832,CC1=CN=C(N=C1NC2=CC(=CC=C2)S(=O)(=O)NC(C)(C)C)NC3=CC=C(C=C3)N4CCN(CC4)C,CC1=CN=C(N=C1NC2=CC(=CC=C2)S(=O)(=O)NC(C)(C)C)NC3=CC=C(C=C3)N4CCN(CC4)C,N-tert-butyl-3-[[5-methyl-2-[4-(4-methylpiperazin-1-yl)anilino]pyrimidin-4-yl]amino]benzenesulfonamide,C26H35N7O2S,matched
TGX-221,TGX-221,9907093,CC1=CN2C(=O)C=C(N=C2C(=C1)C(C)NC3=CC=CC=C3)N4CCOCC4,CC1=CN2C(=O)C=C(N=C2C(=C1)C(C)NC3=CC=CC=C3)N4CCOCC4,"9-(1-anilinoethyl)-7-methyl-2-morpholin-4-ylpyrido[1,2-a]pyrimidin-4-one",C21H24N4O2,matched
TMP195,TMP195,67324851,CC(C)(CNC(=O)C1=CC=CC(=C1)C2=NOC(=N2)C(F)(F)F)C3=COC(=N3)C4=CC=CC=C4,CC(C)(CNC(=O)C1=CC=CC(=C1)C2=NOC(=N2)C(F)(F)F)C3=COC(=N3)C4=CC=CC=C4,"N-[2-methyl-2-(2-phenyl-1,3-oxazol-4-yl)propyl]-3-[5-(trifluoromethyl)-1,2,4-oxadiazol-3-yl]benzamide",C23H19F3N4O3,matched
Tacedinaline (CI994),Tacedinaline (CI994),2746,CC(=O)NC1=CC=C(C=C1)C(=O)NC2=CC=CC=C2N,CC(=O)NC1=CC=C(C=C1)C(=O)NC2=CC=CC=C2N,4-acetamido-N-(2-aminophenyl)benzamide,C15H15N3O2,matched
Tanespimycin (17-AAG),Tanespimycin (17-AAG),6505803,C[C@H]1C[C@@H]([C@@H]([C@H](/C=C(/[C@@H]([C@H](/C=C\C=C(\C(=O)NC2=CC(=O)C(=C(C1)C2=O)NCC=C)/C)OC)OC(=O)N)\C)C)O)OC,C[C@H]1C[C@@H]([C@@H]([C@H](/C=C(/[C@@H]([C@H](/C=C\C=C(\C(=O)NC2=CC(=O)C(=C(C1)C2=O)NCC=C)/C)OC)OC(=O)N)\C)C)O)OC,"[(4E,6Z,8S,9S,10E,12S,13R,14S,16R)-13-hydroxy-8,14-dimethoxy-4,10,12,16-tetramethyl-3,20,22-trioxo-19-(prop-2-enylamino)-2-azabicyclo[16.3.1]docosa-1(21),4,6,10,18-pentaen-9-yl] carbamate",C31H43N3O8,matched
Tazemetostat (EPZ-6438),Tazemetostat (EPZ-6438),66558664,CCN(C1CCOCC1)C2=CC(=CC(=C2C)C(=O)NCC3=C(C=C(NC3=O)C)C)C4=CC=C(C=C4)CN5CCOCC5,CCN(C1CCOCC1)C2=CC(=CC(=C2C)C(=O)NCC3=C(C=C(NC3=O)C)C)C4=CC=C(C=C4)CN5CCOCC5,"N-[(4,6-dimethyl-2-oxo-1H-pyridin-3-yl)methyl]-3-[ethyl(oxan-4-yl)amino]-2-methyl-5-[4-(morpholin-4-ylmethyl)phenyl]benzamide",C34H44N4O4,matched
"Temsirolimus (CCI-779, NSC 683864)","Temsirolimus (CCI-779, NSC 683864)",18293306,C[C@@H]1CC[C@H]2C[C@@H](/C(=C/C=C/C=C\[C@H](C[C@H](C(=O)[C@@H]([C@@H](/C(=C/[C@H](C(=O)C[C@H](OC(=O)[C@@H]3CCCCN3C(=O)C(=O)[C@@]1(O2)O)[C@H](C)C[C@@H]4CC[C@H]([C@@H](C4)OC)OC(=O)C(C)(CO)CO)C)/C)O)OC)C)C)/C)OC,C[C@@H]1CC[C@H]2C[C@@H](/C(=C/C=C/C=C\[C@H](C[C@H](C(=O)[C@@H]([C@@H](/C(=C/[C@H](C(=O)C[C@H](OC(=O)[C@@H]3CCCCN3C(=O)C(=O)[C@@]1(O2)O)[C@H](C)C[C@@H]4CC[C@H]([C@@H](C4)OC)OC(=O)C(C)(CO)CO)C)/C)O)OC)C)C)/C)OC,"[(1R,2R,4S)-4-[(2R)-2-[(1R,9S,12S,15R,16E,18R,19R,21R,23S,24Z,26E,28E,30S,32S,35R)-1,18-dihydroxy-19,30-dimethoxy-15,17,21,23,29,35-hexamethyl-2,3,10,14,20-pentaoxo-11,36-dioxa-4-azatricyclo[30.3.1.04,9]hexatriaconta-16,24,26,28-tetraen-12-yl]propyl]-2-methoxycyclohexyl] 3-hydroxy-2-(hydroxymethyl)-2-methylpropanoate",C56H87NO16,matched
Thalidomide,Thalidomide,5426,C1CC(=O)NC(=O)C1N2C(=O)C3=CC=CC=C3C2=O,C1CC(=O)NC(=O)C1N2C(=O)C3=CC=CC=C3C2=O,"2-(2,6-dioxopiperidin-3-yl)isoindole-1,3-dione",C13H10N2O4,matched
Thiotepa,Thiotepa,5453,C1CN1P(=S)(N2CC2)N3CC3,C1CN1P(=S)(N2CC2)N3CC3,tris(aziridin-1-yl)-sulfanylidene-lambda5-phosphane,C6H12N3PS,matched
Tie2 kinase inhibitor,Tie2 kinase inhibitor,23625762,COC1=CC2=C(C=C1)C=C(C=C2)C3=C(NC(=N3)C4=CC=C(C=C4)S(=O)C)C5=CC=NC=C5,COC1=CC2=C(C=C1)C=C(C=C2)C3=C(NC(=N3)C4=CC=C(C=C4)S(=O)C)C5=CC=NC=C5,4-[4-(6-methoxynaphthalen-2-yl)-2-(4-methylsulfinylphenyl)-1H-imidazol-5-yl]pyridine,C26H21N3O2S,matched
Tofacitinib (CP-690550) Citrate,Tofacitinib (CP-690550) Citrate,10174505,C[C@@H]1CCN(C[C@@H]1N(C)C2=NC=NC3=C2C=CN3)C(=O)CC#N.C(C(=O)O)C(CC(=O)O)(C(=O)O)O,C[C@@H]1CCN(C[C@@H]1N(C)C2=NC=NC3=C2C=CN3)C(=O)CC#N.C(C(=O)O)C(CC(=O)O)(C(=O)O)O,"2-hydroxypropane-1,2,3-tricarboxylic acid;3-[(3R,4R)-4-methyl-3-[methyl(7H-pyrrolo[2,3-d]pyrimidin-4-yl)amino]piperidin-1-yl]-3-oxopropanenitrile",C22H28N6O8,matched
Toremifene Citrate,Toremifene Citrate,3005572,CN(C)CCOC1=CC=C(C=C1)/C(=C(/CCCl)\C2=CC=CC=C2)/C3=CC=CC=C3.C(C(=O)O)C(CC(=O)O)(C(=O)O)O,CN(C)CCOC1=CC=C(C=C1)/C(=C(/CCCl)\C2=CC=CC=C2)/C3=CC=CC=C3.C(C(=O)O)C(CC(=O)O)(C(=O)O)O,"2-[4-[(Z)-4-chloro-1,2-diphenylbut-1-enyl]phenoxy]-N,N-dimethylethanamine;2-hydroxypropane-1,2,3-tricarboxylic acid",C32H36ClNO8,matched
"Tozasertib (VX-680, MK-0457)","Tozasertib (VX-680, MK-0457)",5494449,CC1=CC(=NN1)NC2=CC(=NC(=N2)SC3=CC=C(C=C3)NC(=O)C4CC4)N5CCN(CC5)C,CC1=CC(=NN1)NC2=CC(=NC(=N2)SC3=CC=C(C=C3)NC(=O)C4CC4)N5CCN(CC5)C,N-[4-[4-(4-methylpiperazin-1-yl)-6-[(5-methyl-1H-pyrazol-3-yl)amino]pyrimidin-2-yl]sulfanylphenyl]cyclopropanecarboxamide,C23H28N8OS,matched
Trametinib (GSK1120212),Trametinib (GSK1120212),11707110,CC1=C2C(=C(N(C1=O)C)NC3=C(C=C(C=C3)I)F)C(=O)N(C(=O)N2C4=CC=CC(=C4)NC(=O)C)C5CC5,CC1=C2C(=C(N(C1=O)C)NC3=C(C=C(C=C3)I)F)C(=O)N(C(=O)N2C4=CC=CC(=C4)NC(=O)C)C5CC5,"N-[3-[3-cyclopropyl-5-(2-fluoro-4-iodoanilino)-6,8-dimethyl-2,4,7-trioxopyrido[4,3-d]pyrimidin-1-yl]phenyl]acetamide",C26H23FIN5O4,matched
Tranylcypromine (2-PCPA) HCl,Tranylcypromine (2-PCPA) HCl,70183457,C1[C@@H](C1C2=CC=CC=C2)N.Cl,C1[C@@H](C1C2=CC=CC=C2)N.Cl,(1S)-2-phenylcyclopropan-1-amine;hydrochloride,C9H12ClN,matched
Triamcinolone Acetonide,Triamcinolone Acetonide,6436,C[C@]12C[C@@H]([C@]3([C@H]([C@@H]1C[C@@H]4[C@]2(OC(O4)(C)C)C(=O)CO)CCC5=CC(=O)C=C[C@@]53C)F)O,C[C@]12C[C@@H]([C@]3([C@H]([C@@H]1C[C@@H]4[C@]2(OC(O4)(C)C)C(=O)CO)CCC5=CC(=O)C=C[C@@]53C)F)O,"(1S,2S,4R,8S,9S,11S,12R,13S)-12-fluoro-11-hydroxy-8-(2-hydroxyacetyl)-6,6,9,13-tetramethyl-5,7-dioxapentacyclo[10.8.0.02,9.04,8.013,18]icosa-14,17-dien-16-one",C24H31FO6,matched
Trichostatin A (TSA),Trichostatin A (TSA),444732,C[C@H](/C=C(\C)/C=C/C(=O)NO)C(=O)C1=CC=C(C=C1)N(C)C,C[C@H](/C=C(\C)/C=C/C(=O)NO)C(=O)C1=CC=C(C=C1)N(C)C,"(2E,4E,6R)-7-[4-(dimethylamino)phenyl]-N-hydroxy-4,6-dimethyl-7-oxohepta-2,4-dienamide",C17H22N2O3,matched
Tubastatin A HCl,Tubastatin A HCl,57336514,CN1CCC2=C(C1)C3=CC=CC=C3N2CC4=CC=C(C=C4)C(=O)NO.Cl,CN1CCC2=C(C1)C3=CC=CC=C3N2CC4=CC=C(C=C4)C(=O)NO.Cl,"N-hydroxy-4-[(2-methyl-3,4-dihydro-1H-pyrido[4,3-b]indol-5-yl)methyl]benzamide;hydrochloride",C20H22ClN3O2,matched
Tucidinostat (Chidamide),Tucidinostat,12136798,C1=CC(=CN=C1)/C=C/C(=O)NCC2=CC=C(C=C2)C(=O)NC3=C(C=C(C=C3)F)N,C1=CC(=CN=C1)/C=C/C(=O)NCC2=CC=C(C=C2)C(=O)NC3=C(C=C(C=C3)F)N,N-(2-amino-4-fluorophenyl)-4-[[[(E)-3-pyridin-3-ylprop-2-enoyl]amino]methyl]benzamide,C22H19FN4O2,matched
UNC0379,UNC0379,78357767,COC1=C(C=C2C(=C1)C(=NC(=N2)N3CCCC3)NCCCCCN4CCCC4)OC,COC1=C(C=C2C(=C1)C(=NC(=N2)N3CCCC3)NCCCCCN4CCCC4)OC,"6,7-dimethoxy-2-pyrrolidin-1-yl-N-(5-pyrrolidin-1-ylpentyl)quinazolin-4-amine",C23H35N5O2,matched
UNC0631,UNC0631,53315868,CC(C)N1CCCN(CC1)C2=NC3=CC(=C(C=C3C(=N2)NC4CCN(CC4)CC5CCCCC5)OC)OCCCN6CCCCC6,CC(C)N1CCCN(CC1)C2=NC3=CC(=C(C=C3C(=N2)NC4CCN(CC4)CC5CCCCC5)OC)OCCCN6CCCCC6,"N-[1-(cyclohexylmethyl)piperidin-4-yl]-6-methoxy-7-(3-piperidin-1-ylpropoxy)-2-(4-propan-2-yl-1,4-diazepan-1-yl)quinazolin-4-amine",C37H61N7O2,matched
UNC1999,UNC1999,72551585,CCCC1=C(C(=O)NC(=C1)C)CNC(=O)C2=C3C=NN(C3=CC(=C2)C4=CN=C(C=C4)N5CCN(CC5)C(C)C)C(C)C,CCCC1=C(C(=O)NC(=C1)C)CNC(=O)C2=C3C=NN(C3=CC(=C2)C4=CN=C(C=C4)N5CCN(CC5)C(C)C)C(C)C,N-[(6-methyl-2-oxo-4-propyl-1H-pyridin-3-yl)methyl]-1-propan-2-yl-6-[6-(4-propan-2-ylpiperazin-1-yl)-3-pyridinyl]indazole-4-carboxamide,C33H43N7O2,matched
Valproic acid sodium salt (Sodium valproate),Valproic acid sodium salt (Sodium valproate),16760703,CCCC(CCC)C(=O)[O-].[Na+],CCCC(CCC)C(=O)[O-].[Na+],sodium 2-propylpentanoate,C8H15NaO2,matched
Vandetanib (ZD6474),Vandetanib (ZD6474),3081361,CN1CCC(CC1)COC2=C(C=C3C(=C2)N=CN=C3NC4=C(C=C(C=C4)Br)F)OC,CN1CCC(CC1)COC2=C(C=C3C(=C2)N=CN=C3NC4=C(C=C(C=C4)Br)F)OC,N-(4-bromo-2-fluorophenyl)-6-methoxy-7-[(1-methylpiperidin-4-yl)methoxy]quinazolin-4-amine,C22H24BrFN4O2,matched
Veliparib (ABT-888),Veliparib (ABT-888),11960529,C[C@@]1(CCCN1)C2=NC3=C(C=CC=C3N2)C(=O)N,C[C@@]1(CCCN1)C2=NC3=C(C=CC=C3N2)C(=O)N,2-[(2R)-2-methylpyrrolidin-2-yl]-1H-benzimidazole-4-carboxamide,C13H16N4O,matched
WHI-P154,WHI-P154,3795,COC1=C(C=C2C(=C1)C(=NC=N2)NC3=CC(=C(C=C3)O)Br)OC,COC1=C(C=C2C(=C1)C(=NC=N2)NC3=CC(=C(C=C3)O)Br)OC,"2-bromo-4-[(6,7-dimethoxyquinazolin-4-yl)amino]phenol",C16H14BrN3O3,matched
WP1066,WP1066,11210478,C[C@@H](C1=CC=CC=C1)NC(=O)/C(=C/C2=NC(=CC=C2)Br)/C#N,C[C@@H](C1=CC=CC=C1)NC(=O)/C(=C/C2=NC(=CC=C2)Br)/C#N,(E)-3-(6-bromo-2-pyridinyl)-2-cyano-N-[(1S)-1-phenylethyl]prop-2-enamide,C17H14BrN3O,matched
XAV-939,XAV-939,135418940,C1CSCC2=C1N=C(NC2=O)C3=CC=C(C=C3)C(F)(F)F,C1CSCC2=C1N=C(NC2=O)C3=CC=C(C=C3)C(F)(F)F,"2-[4-(trifluoromethyl)phenyl]-3,5,7,8-tetrahydrothiopyrano[4,3-d]pyrimidin-4-one",C14H11F3N2OS,matched
YM155 (Sepantronium Bromide),YM155 (Sepantronium Bromide),11178236,CC1=[N+](C2=C(N1CCOC)C(=O)C3=CC=CC=C3C2=O)CC4=NC=CN=C4.[Br-],CC1=[N+](C2=C(N1CCOC)C(=O)C3=CC=CC=C3C2=O)CC4=NC=CN=C4.[Br-],"1-(2-methoxyethyl)-2-methyl-3-(pyrazin-2-ylmethyl)benzo[f]benzimidazol-3-ium-4,9-dione bromide",C20H19BrN4O3,matched
ZM 447439,ZM 447439,9914412,COC1=C(C=C2C(=C1)C(=NC=N2)NC3=CC=C(C=C3)NC(=O)C4=CC=CC=C4)OCCCN5CCOCC5,COC1=C(C=C2C(=C1)C(=NC=N2)NC3=CC=C(C=C3)NC(=O)C4=CC=CC=C4)OCCCN5CCOCC5,N-[4-[[6-methoxy-7-(3-morpholin-4-ylpropoxy)quinazolin-4-yl]amino]phenyl]benzamide,C29H31N5O4,matched
Zileuton,Zileuton,60490,CC(C1=CC2=CC=CC=C2S1)N(C(=O)N)O,CC(C1=CC2=CC=CC=C2S1)N(C(=O)N)O,1-[1-(1-benzothiophen-2-yl)ethyl]-1-hydroxyurea,C11H12N2O2S,matched
