path	bytes	sha256
.gitignore	115	51413e3d7e6eeb6d1d8eeb42ce1295607ff12958fc5de31d143298d0e10bf4a7
CITATION.cff	823	549dac257849c00737c82b6c4f69c886b43b68a3403faf02a97196ae0b66a7c4
LICENSE.md	1684	3a0ea7bf1344cda17595dcad8a61128b38cf4d6d6a7f9ab8c457128ebd64f09e
README.md	4539	f702008d9e58289fa72858db3f9c4c24870e8d162d02a2aa12282574ba0a682b
benchmark_resource/QC_logs/pathway_gene_set_check.md	954	9383c29fc1f5501827c2580671c6284db5f7b23bbc9e67b10c45776d2a3a3bb9
benchmark_resource/README.md	3049	93351dd43336af0b61808d59cba29afc13963002ebb6c67413b2209a4a553f7b
benchmark_resource/audit/leakage_audit_table.csv	74918	c93080b9f4618b13f885ac838f21e5736d2107988555443456e60248b93e20ad
benchmark_resource/configs/deep_model_panel.yaml	3074	d8d72f35c2dfff8d7188c01a50603e1a7209754bd2e3ea0308b3a326c95c164d
benchmark_resource/configs/model_registry.yaml	4236	fc3a82670d1a50eeb6cbf9f4c97cd65b576faf071d37a29b6690b147ab6d9304
benchmark_resource/data_manifest.tsv	1421	0a9fd011ed318662a4ae6da2d829b8c09c84b5e0c3e5d3da586a154953eeafc7
benchmark_resource/leakage_audits/leakage_audit_table.csv	74918	c93080b9f4618b13f885ac838f21e5736d2107988555443456e60248b93e20ad
benchmark_resource/model_feasibility_report.md	4703	7f5384d760e569b0f3b6de339045cc11803ead6104554aba0a183c26d007dca9
benchmark_resource/model_results/all_model_leakage_audit_long.csv	109325	2ece04b4edf5db2f5faeae3f0ec9b5a73637daa3ddacce8a009ae9015c8b1ed4
benchmark_resource/model_results/all_model_metrics_long.csv	34971	f931ad227d8ba59f04e6230c8993bb9809e79a9221d204f1bc51c19e26760b1d
benchmark_resource/model_results/bootstrap_ci.csv	1090	672a1c7526d5eabdf954ce04ea2ce923b492a921fed81ea448ab603a715b5df5
benchmark_resource/model_results/model_rank_stability.csv	660	ba8bfa9b385459fcde6631568f3f510e22c95726d6585ebaae2b5bef6b76bd6c
benchmark_resource/model_results/random_to_strict_contrasts.csv	6029	18d53bb4798be8a23e3b8f2ccd458f07d68d04223ef62638db16a989cd4fe4df
benchmark_resource/model_results/transigen_leakage_audit.csv	13364	f30fc6b5aceee1c72d0964234be113c8a8ff9a4936b7738e424d336931faf0c4
benchmark_resource/model_results/transigen_metrics_long.csv	45850	871b6c2f6ffa238f0a46b96192df2edda09dd5a588c5131af1d8f675d8cd3d2d
benchmark_resource/model_results/transigen_random_to_strict_contrasts.csv	363	59674e1c35dfca190fcc1a2cb56257bcee0b4f4657d1f07bcc4e314386528ad4
benchmark_resource/pathway_level/pathway_bootstrap_ci.csv	5826	91b6b118e640ca45f6e4f5f8d657f62053cedcba2e23c31d21f2d3ccfe195a83
benchmark_resource/pathway_level/pathway_gene_set_overlap.csv	6847	8a2023c322e3811f00d65ba66b9d6841a4987cd29d9d9f7bc7f080cdffdd83c2
benchmark_resource/pathway_level/pathway_per_gene_set_errors.csv	4150308	e08003fe5259bb07a9b8e196b43fabccd02c1e91d6b4639f9ab39d717f646c09
benchmark_resource/pathway_level/pathway_random_to_strict_contrasts.csv	2552	45ddddbddd6d494ba76bfaadbf6b164c50200b5d078a0495e7d74d72b9ae8cfb
benchmark_resource/pathway_level/pathway_seed_summary.csv	144261	5d3a8f41455b41f778989f4e27cf5f19795ff653b3420f0282db35f7fa09cdbe
benchmark_resource/report_schema/benchmark_report_schema.json	1397	504f6fa7d3663b00034684473ba6b29b16cc96c3260b45c7b66f2a7d5f9e1ec4
benchmark_resource/report_schema/benchmark_report_schema.yaml	1242	ed595f1bee8ac6438293a21e5cead38cc07f4fb78ee10b70ff0e71e0067a3c97
benchmark_resource/results/openproblems_moa_heldout_all_baseline_summary.csv	97959	fe6784a78fb3a6952978426fda31d3581c50a00eba5b5fcbd47e45d592d81c40
benchmark_resource/results/openproblems_moa_heldout_baseline_summary.csv	934	0745eac0f5879831b1e112398f84b8b2ff05c21bebc58965eead05c98349f29e
benchmark_resource/results/openproblems_moa_heldout_leakage_by_seed.csv	5962	9bc0503ca1d64ed7c7e07e258bd794eb8c785a88eb9c55c203be9959690ec6b2
benchmark_resource/results/openproblems_moa_heldout_leakage_summary.csv	303	131cd26510ffda8eee670b40712d4b17eaafe269d0d0f0132805b8dd986fc892
benchmark_resource/schemas/benchmark_report_schema.json	1397	504f6fa7d3663b00034684473ba6b29b16cc96c3260b45c7b66f2a7d5f9e1ec4
benchmark_resource/schemas/benchmark_report_schema.yaml	1242	ed595f1bee8ac6438293a21e5cead38cc07f4fb78ee10b70ff0e71e0067a3c97
benchmark_resource/source_data/figure5_pathway_level_recovery.csv	7476	0d6f6bb3d22db487d5f752500c2dd22ab12a0fe8845535657a8d38a90a812e22
benchmark_resource/source_data/figure6_completed_model_performance.csv	14951	f657ce2e9b00f03097b00cb64c2a6a16073c70f4e4f164cd703a8e872e318e04
benchmark_resource/source_data/figure6_random_minus_joint_drop.csv	2179	b67d72fb19da0757a0c2a4d4d448ea89eef51a5cd65d6e1ee27e09f15a847806
benchmark_resource/source_data/figure7_openproblems_neurips2023_rank_heatmap.csv	491	e3d0cdab6e6d2051958bcc424cddfe409427f5c23b1fb1e61074cdde69f5f06b
benchmark_resource/source_data/figure7_rank_transfer_summary.csv	674	2d03ef122fd37e665c418295b9f701f8b15c759dcf7e03ee1a3ffce6cac46e26
benchmark_resource/source_data/figure7_sciplex3_24h_top2000_rank_heatmap.csv	297	75c8be44233e11a3dfa3d087120415986837b7d9ee4be52b8feb7ed073a41539
benchmark_resource/source_data/figure8_model_feasibility_counts.csv	87	7983b0c9750aaa40fc8d247e77e62f2e4e22e59a183296d74d6aec19ea4e0f8c
benchmark_resource/split_manifests/split_manifest_openproblems.csv	53736035	caea8a22c6944d3e457f45c6e6656b45965aa7e7264916393d3cb18192ecac20
benchmark_resource/split_manifests/split_manifest_openproblems_summary.csv	47961	17c09ea20c5a783b75392bb044a3e4e9ea3f64ad457a9d8f0c2fc9a6fd467240
benchmark_resource/split_manifests/split_manifest_sciplex3.csv	59904274	b697f4782e459a8078159f6b2a244d6b1481a912caa8f4130b70f868b4e168d0
benchmark_resource/split_manifests/split_manifest_sciplex3_summary.csv	13432	baf805be1ff7b939dd449d73fc5bfe0cc8c4d81fb1acfbd4b29ce63ec792cd0b
benchmark_resource/splits/split_manifest_openproblems_summary.csv	47961	17c09ea20c5a783b75392bb044a3e4e9ea3f64ad457a9d8f0c2fc9a6fd467240
benchmark_resource/splits/split_manifest_sciplex3_summary.csv	13432	baf805be1ff7b939dd449d73fc5bfe0cc8c4d81fb1acfbd4b29ce63ec792cd0b
benchmark_resource/templates/leakage_audit_template.csv	258	3378fdf9ab707768bd10717e056dab0a3a24c014da74e257a2c807772d5ae230
configs/deep_model_panel.yaml	3074	d8d72f35c2dfff8d7188c01a50603e1a7209754bd2e3ea0308b3a326c95c164d
configs/model_registry.yaml	3921	f103973df07d1968ae2edf5b9357e940035185d50b80932db15adfaf932c4710
configs/prnet_sciplex3_main10.yaml	824	8fa25e0af37c4db8b8bd1f5b9d8763e95cfcfed3a6acf0ab095c36a940d1b786
configs/prnet_sciplex3_smoke.yaml	412	7a8662c84044f0508adf3c584839e4cdfefe1add2e8bcdd61a33894790b7860b
data/processed/transigen/sciplex3/README.md	999	542243a6868cde093a38cc0ed27a532990308ec6a48ea1c0d80c3ccec45ad358
data/processed/transigen/sciplex3/compound_fingerprints.npz	18481	6f7af4b3d9aac314a5bbcc6d6285bc53d4b4d7dd8a35b640941d4e610a3d061a
data/processed/transigen/sciplex3/compound_metadata.csv	23802	dfad6c72d432b4caf1848eb8168de53cec753d4d906ba1566bff2ed571213b60
data/processed/transigen/sciplex3/gene_names.txt	12663	603c2ed422eaf3e8822526fccafe462b49513aa44b4a8531f082970be1a6bcbd
data/processed/transigen/sciplex3/matrices.npz	35802630	e4b76ff55de6c4c966e9eca64da9bc46a52aa51c10d823c6f94bbb2c7c5ce166
data/processed/transigen/sciplex3/record_metadata.csv	657184	8a2294d2d1c7ed882f52e3bcfd872fe929ec49ce453366d8047aa4cf4c3ad785
data/processed/transigen/sciplex3/split_assignments_long.csv	55532303	6c8bcecae032a150a70c0cbd0f61a547c93554ebf264060345b6a3633848bc55
docs/JGG_resource_release_checklist.md	1988	ca2b6c50f383aa78e4c1b9d090b1b4491d2d27e91a786842efc57677d69fc866
docs/JGG_revision_summary.md	5550	c3bc3b73ea6c2f66e57d0d24264797fe294d7752fc1a7c37c7382a3fe115cc09
docs/JGG_submission_readiness_report.md	923	65a4ba0f5f4ff726023139f303c5bd453e1ebad3f9998eced30fce8612485e7b
docs/JGG_submission_resource_checklist.md	5010	91fc67ef8fbc96e85478b41e448b4df64c07e0613303bf55081e40eafae37a54
docs/data_source_plan.md	3034	078f42a551134a48bc11ac77ca024b4d625ba6b6657308d53fd28d5b56d7a922
docs/figure_quality_check.md	1377	a8613987a25749e73d67d466e9b6ffcbc26135fd31e90aa9a62790fe9bd7f9d3
docs/high_score_upgrade_plan.md	3038	0caf734eacfdc252faf42a0ac59b22f61bc5f1b1360bf5ab7938622b0656dc05
docs/high_score_upgrade_results_100seed.md	7029	63487fad829341a3dc67247397e9d1faa81198aa340ac6c173c1aa3d71de62a0
docs/manuscript_number_provenance_v17.md	7786	9541faa9c39ca4b4f9daa76a071630d10929f8072674dd3b63322debdfad7802
docs/manuscript_rules.md	2322	a248a89faced8e6f37ffa65b82607a315c8f62dd01e01f9c576114a7d47e8a31
docs/model_feasibility_report.md	4703	7f5384d760e569b0f3b6de339045cc11803ead6104554aba0a183c26d007dca9
docs/op3_feasibility_review.md	4605	954d5df4a083b7ae5ae2eddb75825334ed598cb6ee29ce6bfd7763afadf57102
docs/pathway_analysis_feasibility_report.md	1177	a5137cbd6c926bf3647b44f7fb2a10e0cb4fd3699b63a78aee9ae6431b1f92d5
docs/pathway_gene_set_check.md	954	9383c29fc1f5501827c2580671c6284db5f7b23bbc9e67b10c45776d2a3a3bb9
docs/prnet_environment_check.md	4099	2d941ea97b4ee5a047e09b23aebfe5697ce72984e951376a8d143e6b72e9ab31
docs/prnet_main10_run_report.md	1541	3ae4c8847053ee12a3c3359c6655caf2d4a0e17b9a83d033ef49f9b1d92a9ab1
docs/prnet_main30_run_report.md	1808	eab44666b155d4476b54b7adea8e919c5386da4e2bb440b19496c598c31bdf71
docs/prnet_smoke_report.md	2786	21c34c6a5a379708f1b81f4f784f35efd335a98ae42be118f735815266c9f46e
docs/prnet_smoke_to_main_audit.md	3474	05b3c7134429917b88b05c4d67d5be8ea0dc78fe28e53ebe7136e7dd0cb1c1ce
docs/progress_report.md	24017	77347bc1f8bb03bc7d919f16bae04a10853208d43f874295d8e80231128b279b
docs/project_checklist.md	5767	f402deae5220e149ec6663224c9fd9fa4f0a7a95769c4ed03587473cf0beb965
docs/qc_self_audit_report_v17.md	3763	2408551fe6a7b801c1f980f54ebc3c0820f6a940fafed2e4bdd035d434e3f653
docs/reference_completion_report.md	3453	4f4832db5f88b9274438870443e8ad4ed9b9157664e915f0f5c3f23ce3212f62
docs/references_to_add.md	741	c263fe39662d6a7c8f10c5ef9c0ca2c93bd42a76170d491c2c30c934ce6cd027
docs/references_to_add_JGG.md	4685	2fc43b9930e21244a5ebe6d5f935430d29940005a2ab3372d47de2acd74d226a
docs/reproducibility_guide.md	2155	16e565ee591a14b4fa1b3d60ec8f4e60c477baebf0aa942225544f14aa58a616
docs/resource_file_tree_v17.md	3691	1cda15c44e16232680183ebbcdd8fc93d3a147e327f929c12bc5914c8a1a1eb1
docs/sciplex3_feasibility_review.md	5297	c34f736186c76432a30a9bca4f1a8221c8d863a6a053dfae0ef2443aa0b7d08b
docs/superpowers/plans/2026-06-24-prnet-main10.md	4170	3824e52af7291c9c9810432aa5cbde49fe58722714e7d366018345484a94ecf9
docs/superpowers/plans/2026-06-24-prnet-main30.md	4589	a5f6df49dfc33a0d56ed456d99608bf74a303d1c24c0ff8776f3e40122f50ec1
docs/supplementary_file_manifest.md	2448	1c1fc6f9435fecc4352f3a1c602d32f51ec355b539017195691d9f5c49f3a943
docs/table_revision_report.md	720	661c364b23c82079e964f32e8e8a0f814dfb7e85edd30949dbad0c635e9cd140
docs/transigen_environment_check.md	2726	59ece38c3e41d12d8bafdd7142fbe1118d6bd127a9ee44e4024cc17cc5e47bc1
docs/transigen_run_report.md	4272	1f732ef8e2cee92dd08d737d05f40292506efe75251dec2cbf6650f65f4d82ca
docs/transigen_validation_report.md	8222	55b80146cca0146320cb2d799cd531ab064dbc0f8de0f177a3654b55ad5dcac3
docs/v16_to_v17_manuscript.diff	27376	26f8e70df98c105252d4739638cb9183e84ed4d8b6db9e003507a8ba3e95e562
env/requirements.txt	165	8e1e4bd3d6dcdc948f5769ee2e6c1511eb737c2c10949ebeb5000315ad3e4d6a
figures/figure5_pathway_level_recovery.pdf	29077	3342ecea8add1f3de65eafe78626c516f91af95f603bebc4d73b861a481ab4b7
figures/figure5_pathway_level_recovery.png	410969	2cd163f0ff8924e2141b8a1c24fccc37a7b824715315c207a26f51238d7ac384
figures/figure6_modern_model_panel.pdf	16514	0161fa17c074987d88b3db999d1bee9c89e07a7ffd5e459b67ccab09da84aeb2
figures/figure6_modern_model_panel.png	133885	5f5c6f0c0f424a523be5fb2b0ea1b1968ca265ab16fbdb7c85e281f2b2d57bcc
figures/figure6_sciplex3_prnet30_transigen30_model_panel.pdf	15397	3d2e3d014e9b201ecf8ac4293f2d996f24864a14916a8a91b0a62b4c60774f84
figures/figure6_sciplex3_prnet30_transigen30_model_panel.png	179699	25361575183d3013f372275e78313ed85c76e4c396d6b8420c7f86e4ae13a698
figures/figure6_sciplex3_prnet_transigen_model_panel.pdf	15392	1096e2707b983c4ee095f9a2fa35f588d7cfd0a2778c07aeab137b429f7703bf
figures/figure6_sciplex3_prnet_transigen_model_panel.png	159075	27d2288a337a95ca0c3ef699894103312444d7ee033bc066f1189b422d1e991b
figures/figure6_transigen_ablation_sciplex3.pdf	15864	e08605a8bc7063060fa712d6b3d2fa472edf90076c62652551e783b023dce6c8
figures/figure6_transigen_ablation_sciplex3.png	151448	57d9cfb27c14bd29c0aa8cb1f8f761a62b414914997b406a96c9ffcc619555a8
figures/figure7_rank_transfer_prnet30.pdf	18461	7fca2f6392bf8087539e09807ea1a330c9e0606eb88acc81a34ad2c2d78dedb1
figures/figure7_rank_transfer_prnet30.png	176716	c6f33e5446198f78a9a33b56409f8b4400d920adbecbf8b4ac39db894fc23a17
figures/figure7_rank_transfer_with_prnet.pdf	18299	4c938845a41ae262474dc20da1ed0cc8e6546a3604ac37794bba11811876a9da
figures/figure7_rank_transfer_with_prnet.png	169817	2fe20ddf80f7853643d498c498c731edb083842191f6da79bdf3795735527554
figures/figure7_rank_transfer_with_transigen.pdf	18102	2fd48fdb1bb04ecd029822b0481c361e86c79efc5199fc339af10dbd7dd8a1b5
figures/figure7_rank_transfer_with_transigen.png	91557	87d1877b9582f6d143423c4c0d955eb554c57d51aae7607f2acdb773d0cd0f94
figures/manuscript_main/figure1_benchmark_design.pdf	41382	cb92533ff32278ca757b64b562b2df86087257511cbfa11897fb3e7a5c8031ea
figures/manuscript_main/figure1_benchmark_design.png	336509	6f1a63db37e60a8cbd3ef08a8b34bd4771ae2a511c8529aefb1fb0d5f0261361
figures/manuscript_main/figure1_benchmark_design.svg	25774	b2e56fb9cb848dfbe8d13bd8f2cac44b13cf5133f11dd7fb55a9965f1824fcc1
figures/manuscript_main/figure2_baseline_decay.pdf	40982	7b2db9ad1b02230e7421849108c3a26d776a414f1b08a3c67bb3aef30290ba60
figures/manuscript_main/figure2_baseline_decay.png	362033	6b735ccf8a21ccffe9d2c18aa5f3e26e1f1e27530ac7312f8415702e9c23386d
figures/manuscript_main/figure2_baseline_decay.svg	36020	9d5f0423251bd76697724519463ffad9a6ab40461496d5ab7455ec483501d262
figures/manuscript_main/figure3_topk_response_gene_recovery.pdf	44511	3d2e4ef92ef7689916500d7dd57b927b7e3033acac3af2d5576b6e2ce9834e15
figures/manuscript_main/figure3_topk_response_gene_recovery.png	600558	1a7db50ee5e6c0736d8f4c2d41ccc71104fb5733d2598289d194c3d1201a4acf
figures/manuscript_main/figure3_topk_response_gene_recovery.svg	63072	6cf8692752af69fa8db02fa9af6e7ff78fb254af93000e3eef2cca52170326a1
figures/manuscript_main/figure4_chemical_similarity_audit.pdf	37780	5810b6c34213348f1208c967e6c69a5c239c01b4529075e763b5bf519d0ec523
figures/manuscript_main/figure4_chemical_similarity_audit.png	200607	fec067b3885fdb028cea4c53fd41c10f3dc69b03333748a32d6b087cced21831
figures/manuscript_main/figure4_chemical_similarity_audit.svg	20601	8d9b785e2058d0d80fcd641712095f42c35f306431c2e8dc8a1530f82e852e24
figures/manuscript_main/figure5_svd_ridge_stress_test.pdf	45011	abc60853ce1024e77e6b66463d597ef444b99e8eb40e0ee0ef59838b690abe55
figures/manuscript_main/figure5_svd_ridge_stress_test.png	436339	49467ff95c80d1d3c0ed28da901281ee5e486865d2ba0f960984f256001d907e
figures/manuscript_main/figure5_svd_ridge_stress_test.svg	42384	a51984ffc2e80b7ba28d3facf537b46d6a04f15b99f427123fa6c9de0e1dfe28
figures/manuscript_main/figure6_ranking_instability.pdf	58407	38e92247b4878e20c13938a6c4dd7b8ce96774026e782dd5be3613aada12a7f2
figures/manuscript_main/figure6_ranking_instability.png	628613	7dd9466887eabf6ed969f82e53916435ee0f9fd05f99a014485eb0003dffc044
figures/manuscript_main/figure6_ranking_instability.svg	54734	3e1e18e57354878bc747b554b4471190192e138ce936f9d256894147f1ac5638
figures/manuscript_main/source_data/figure1b_coverage.csv	86	b8fcb1b21950b7e3c81c95bca3d3a7013879581777cd4e359b151617b1d2f0ed
figures/manuscript_main/source_data/figure1c_split_sizes.csv	198	5aefacc9c0dec19382b1bfc249e09134b92594ba42d7234893e0f018423990ed
figures/manuscript_main/source_data/figure2_baseline_decay.csv	29929	c2f29e0933449b2963c06b4a8e93d54910d375f0ca7207d5d0c22398b1e9db98
figures/manuscript_main/source_data/figure3_topk_response_gene_recovery.csv	47422	d300f3a35c2b6aa7fd8dc96f7568362f7272e9fdfb0aeb57e959c63f9e891469
figures/manuscript_main/source_data/figure4a_similarity_ci.csv	484	d8fb619d425ce0e8f00ad4c07945d1e6555606752daf8b26cc85f335b0d1f337
figures/manuscript_main/source_data/figure4b_similarity_contrasts.csv	359	49bce2419b1a846fb134aa75fe297871c240c50849c59d9bf0dcde2756497971
figures/manuscript_main/source_data/figure5_svd_ridge_stress_test.csv	40825	ac676e5cfa061c06915b1be0a39e67b5e5cd4000ce73de327074702e92843261
figures/manuscript_main/source_data/figure6a_openproblems_mean_ranks.csv	2946	32de98bc4808a62e86b6122494128cef9db7d6e35e315a8afa694481c5bfb2b9
figures/manuscript_main/source_data/figure6b_sciplex3_mean_ranks.csv	4126	f9d1fc2b8dbfbe939ab7bd18ee82ca4ec961a7d82262e74e91fdacdd91129e81
figures/manuscript_main/source_data/figure6c_rank_correlations.csv	663	8d116c173fccc90c0a907960846cc309f57d523bf80c33230f5dc79bac642e72
figures/manuscript_main/source_data/figure6d_key_model_rank_shift.csv	647	63913d273b3e91184e9d7a582a51788a31e97fc4065bb12f0089dda9cf426587
figures/source_data/figure1_coverage.csv	86	b8fcb1b21950b7e3c81c95bca3d3a7013879581777cd4e359b151617b1d2f0ed
figures/source_data/figure1_split_sizes.csv	198	5aefacc9c0dec19382b1bfc249e09134b92594ba42d7234893e0f018423990ed
figures/source_data/figure2_baseline_decay.csv	29929	c2f29e0933449b2963c06b4a8e93d54910d375f0ca7207d5d0c22398b1e9db98
figures/source_data/figure3_similarity_ci.csv	484	d8fb619d425ce0e8f00ad4c07945d1e6555606752daf8b26cc85f335b0d1f337
figures/source_data/figure3_similarity_contrasts.csv	359	49bce2419b1a846fb134aa75fe297871c240c50849c59d9bf0dcde2756497971
figures/source_data/figure5_pathway_level_recovery.csv	7476	0d6f6bb3d22db487d5f752500c2dd22ab12a0fe8845535657a8d38a90a812e22
figures/source_data/figure6_rank_transfer_summary.csv	674	2d03ef122fd37e665c418295b9f701f8b15c759dcf7e03ee1a3ffce6cac46e26
figures/source_data/figure6_sciplex3_rank_heatmap.csv	297	75c8be44233e11a3dfa3d087120415986837b7d9ee4be52b8feb7ed073a41539
figures/source_data/supp_pathway_gene_set_overlap.csv	6847	8a2023c322e3811f00d65ba66b9d6841a4987cd29d9d9f7bc7f080cdffdd83c2
figures/source_data/supp_pathway_per_gene_set_error_heatmap.csv	1573	f0c4e879478ce811d7b07be0f6b8b57f140f29b2a68fc379643c6b8fa765ebd5
figures/source_data/supp_pathway_per_seed_distribution.csv	144261	5d3a8f41455b41f778989f4e27cf5f19795ff653b3420f0282db35f7fa09cdbe
figures/source_data/table_1_source.csv	372	759fd802d68d5a126a5f4bac7e55be12f834678e9af12eb39e490f6c34ca1479
figures/source_data/table_2_source.csv	539	d75988167a5999087eb567909033b80cff40291367daf707f704a31b37f63874
figures/source_data/table_3_source.csv	1215	7f3f8220322f332665eeb80e18ec35c8d2e85033ed4ef4a1af78511b9eab26bc
figures/source_data/table_4_source.csv	782	3d4c1a9552262bd8fdd2dd7f4d5a2b622df15cf3377b816e7c076e35c120256c
figures/source_data/table_5_source.csv	395	c0bee12e19fd39204320dbbf9516e1b384b1a16de49973a3dab59494eb7dd964
figures/source_data/table_6_source.csv	773	0d10429a993efcad2d2189ae11076ad6f09595067cd47645fd3f940d7b6edc55
figures/supp_pathway_gene_set_overlap.png	25742	80d3a239881364e747d6386c063ffa09a5b5ebfcc2a5c2e554b0478effa23541
figures/supp_pathway_per_gene_set_error_heatmap.png	54883	b2b87c8708603c2d0767bd658f1ce739aa1498f5962c90313b7f19c461f7ff4f
figures/supp_pathway_per_seed_distribution.png	59757	e157dd1188b9d943b364297f6d77ce8c5972f531041860e492de3368452e09b2
figures/supp_prnet30_seed_distribution.pdf	13715	fb24174b4c7ccedf5866c98b55376bf0cb61fbc2db8e4b046c9e2b927d37a6dc
figures/supp_prnet30_seed_distribution.png	74078	fcf3d05f817db298dbf3d9517bf0dd548c5705d94a27393c8d79a0c9d443a7d1
figures/supp_prnet30_vs_transigen30_paired.pdf	12772	baeb74283744677adf8b210474fd31551aa9992b678f282f86db58e7aee18279
figures/supp_prnet30_vs_transigen30_paired.png	63037	3b482f14ffdacc83b303b7f51849fb59ea08f2323a5e9494b853f6c457461d84
figures/supp_prnet_seed_distribution.pdf	13683	ad104ac593b8baff0389d1e80721172df75f0b6f698d65623c3cf9f211f35b66
figures/supp_prnet_seed_distribution.png	69276	51674dfd9112c34d5eeb332f1c27b51d13abbe66c7eaf2e2643f4e9f4ea28bb2
figures/supp_prnet_vs_transigen_paired.pdf	12062	4e1fbab5d25b28a72947b81a9119a30c00d0b635d3251a0ddadc128c96c11407
figures/supp_prnet_vs_transigen_paired.png	56351	2582eb0223e73628639bab0ecc9bf90cbdc7aa83e88abe2a92134dcaa1649218
figures/supp_transigen_random_to_strict_ci.pdf	14101	26fbe5c3bbcd538e0fe11e0cfa40ccb10143ac8086125c03c12f7375ae503f2b
figures/supp_transigen_random_to_strict_ci.png	81796	2824af29ea6bb971e2fa28dbc740681225967216acfeccb53f8f348c1b4e52bd
figures/supp_transigen_seed_distribution.pdf	13479	f57afcf64c18c71975a9b5a6c40f703b4e1cff395f8832362c107b5db4b518fd
figures/supp_transigen_seed_distribution.png	72213	8f9e79780880ce374f624e65b837331cf8d3484ea39cae1c31cabeb76e5fd45a
figures/supp_transigen_vs_ridge_paired.pdf	14759	f9ecf8bae9fec938cdd2572f5475b39bd755144eb827c253e59b82534959ba1d
figures/supp_transigen_vs_ridge_paired.png	188840	051b01f804799f11e81a98478aaac4885d34065522fbe897a2565bd0586b2c31
figures/transigen_pilot_sciplex3_performance.pdf	14962	5f3f5ee464dce7601538fb17719f9dd3fb2e3f47876728f8ab8b561a31e7c062
figures/transigen_pilot_sciplex3_performance.png	73217	77eb89d9d8ad9581207d0f41b55fccb53e11c6f4fd61484998c2ddf641b9ab77
manuscript/figure_legends_en_v17_control_conditioned_neural.md	2460	6a6cc9bcad576a0f8899e75190cfe3da7a96519c9794bd6294f0a6238f99c0fb
manuscript/manuscript_full_en_v17_control_conditioned_neural.md	41580	4179642cf216959058f13495f6d50b014ff012c13eec26bd6901d15c3428cd5f
manuscript/tables_draft_en_v17_control_conditioned_neural.md	7007	088cb8cf474e7b9aefa6b0835eaecba37df95d2241ea259eafde16d8dd56b79f
metadata/data_inventory_template.csv	185	57a2e51fbbc34f4c9dd1d9bc5d1ff0cfc2bb2c37fce342895e2394e0600ad090
metadata/drug_metadata_template.csv	90	f5a40975d92e7c8ace9bc537d46a7ca971338e62a471cba9f6805b9b6f32fcdd
metadata/examples/drug_metadata_example.csv	417	fe52addfd9e8f309bea91f65933eae4e614cb3a404178dfed9cc2b567acc65b6
metadata/examples/perturbation_metadata_example.csv	741	ca64c34ad65a495660182233ab7354705911b1faebc611a2eac53547d7eaddc8
metadata/examples/splits/candidate_split_summary.csv	157	29126eb5d393fc9d011efca45edaf9f59b727cfd668eb01fa3801f24a2556ca4
metadata/examples/splits/candidate_splits.csv	1541	c670110081eb4ec0eaa992ba14a3976a79fcca3b4427949a5b2dd9221887b1b9
metadata/openproblems/openproblems_drug_metadata_full.csv	12468	a92147521507e2199e6757e5efcd7f5508ea07fcfbfc4440edc15badf2b6df14
metadata/openproblems/openproblems_metadata_summary.csv	110	0f7d843c69f4508aacf1bdfff3c780720c18ddc94e5df6778a1268287f633a4a
metadata/openproblems/openproblems_perturbation_metadata_full.csv	108756	ec2b9c09c1b4188d5d5627c09cfc51d80d6f79f004a3c5c35e8706a00a25b635
metadata/openproblems/splits/candidate_split_summary.csv	174	0f6b2f261e0b8c4d69d695b111a54a90e129cd963651b0bd0be3e4a48d08ad15
metadata/openproblems/splits/candidate_splits.csv	177422	bcf960667733a3ce9d97e667a2238799f0dccd3721c073e1b69b4907e123b071
metadata/openproblems_drug_metadata.csv	22050	14f2828dc2fc34039f2bb7460b86235830e20dc331ae9114f63bfaa583f79eff
metadata/openproblems_perturbation_metadata.csv	21951	db1eb16912ced02ed588dd23c91a1e5783b642d69f8861729f249daa3e83e8aa
metadata/perturbation_metadata_template.csv	121	c36253f10e31a6692042324e4898908ab446161a526e4344a5a1ad779303cae5
metadata/sciplex3_24h_top2000_response_metadata.csv	525075	d830e89ef7acb406d77eab18f36c9d1d2a714cc9929fd02a2e66398ad9524e1b
metadata/sciplex3_24h_top2000_split_metadata.csv	427642	17ba8e027c40b8be4d77b03d755d0fc7eb6be6829dc3253025e48ac42a1d0cac
metadata/sciplex3_candidate_records.csv	331238	8103900383a7f181b81e327758f814b8dd6060537702b9d6ca9c472a2ca84212
metadata/sciplex3_pubchem_smiles.csv	52503	64f77c764c12e363274d2414cc1025ec4da6413c473c6b6a7063811d8407744c
metadata/sciplex3_pubchem_smiles_with_scaffolds.csv	60419	c1fe0325cd6408edd8cf60910b487b3c158c450d2ea88531d874b8bb82396e51
metadata/scperturb_zenodo_files.csv	7979	6080d07d5d73c2325279f9bbaf64ee61659a954831008a379a7a4d699fecc175
results/deep_model_panel/all_model_leakage_audit_long.csv	109325	2ece04b4edf5db2f5faeae3f0ec9b5a73637daa3ddacce8a009ae9015c8b1ed4
results/deep_model_panel/all_model_metrics_long.csv	36050	e35a96a09bfcd9e55bcee5c67ce614669b6244147c9d8df1ae3e6952f5aa1022
results/deep_model_panel/bootstrap_ci.csv	1090	672a1c7526d5eabdf954ce04ea2ce923b492a921fed81ea448ab603a715b5df5
results/deep_model_panel/figures/figure6_completed_model_stress_test.pdf	21348	94ae85b9405c14b6f9d9f9321e56477cf75a8a478c84ae7a7a0275ae534f54af
results/deep_model_panel/figures/figure6_completed_model_stress_test.png	320045	f17444dec7e5d3afef3f4f4661fef9ee3e7e945f9987068cdb3f9030cbc06622
results/deep_model_panel/figures/figure7_ranking_transfer_completed_models.pdf	24957	25c7659128f55c4703d232c3a5a7de7d5bcd61f489566c190f0257874253f670
results/deep_model_panel/figures/figure7_ranking_transfer_completed_models.png	291839	f699a5ef9cb88f0daeb8c2d71b1f7bed9213034dc7fd47dae4776fd348e4b6f4
results/deep_model_panel/figures/figure8_foundation_embedding_feasibility.pdf	13579	2c3e97f9a1c795d98ca0e969166a4800bda909370e92ae81e7e4ac46875e4693
results/deep_model_panel/figures/figure8_foundation_embedding_feasibility.png	111463	c3d6eaca193e8fd1f21904d6f156c6840bb43fb614a3a972a27c2fad46d5f25e
results/deep_model_panel/logs/assemble_deep_model_panel.log	102	43945d3f2b37d08c6166d1ac71f3f249b71916be85d37bf190d037c32c0b193b
results/deep_model_panel/logs/chemcpa_or_cpa_feasibility.log	163	6ab9e04bc3c30ed5e6cdf4b11c2beab2c410c84c8c8ecf512aa48c88039babe5
results/deep_model_panel/logs/prnet_feasibility.log	163	6ab9e04bc3c30ed5e6cdf4b11c2beab2c410c84c8c8ecf512aa48c88039babe5
results/deep_model_panel/logs/qc_deep_model_panel.log	169	c279b0cae24c42e24b6e1080eb4618bfa9aa2e7a22ebcf60a02a336e6774376e
results/deep_model_panel/logs/scfoundation_frozen_mlp_feasibility.log	163	6ab9e04bc3c30ed5e6cdf4b11c2beab2c410c84c8c8ecf512aa48c88039babe5
results/deep_model_panel/logs/scfoundation_frozen_ridge_feasibility.log	163	6ab9e04bc3c30ed5e6cdf4b11c2beab2c410c84c8c8ecf512aa48c88039babe5
results/deep_model_panel/logs/scgpt_frozen_mlp_feasibility.log	163	6ab9e04bc3c30ed5e6cdf4b11c2beab2c410c84c8c8ecf512aa48c88039babe5
results/deep_model_panel/logs/scgpt_frozen_ridge_feasibility.log	163	6ab9e04bc3c30ed5e6cdf4b11c2beab2c410c84c8c8ecf512aa48c88039babe5
results/deep_model_panel/logs/transigen_feasibility.log	163	6ab9e04bc3c30ed5e6cdf4b11c2beab2c410c84c8c8ecf512aa48c88039babe5
results/deep_model_panel/model_rank_stability.csv	724	4775cd84b05736ef45bf2eb62fc8790e405d7665473aa3af039cc9927b6c83f2
results/deep_model_panel/openproblems/chemcpa_or_cpa_metrics.csv	1565	0ad7990552758ccebc97212d9379eaf18098c3e3cf72775518e6473eef036fd8
results/deep_model_panel/openproblems/chemcpa_or_cpa_predictions_manifest.csv	1467	3c980d55c21a541a0a6ebfa36868c34a7ee80a4ffcbf22793eb8cffe04a4c1bb
results/deep_model_panel/openproblems/prnet_metrics.csv	1520	ed05d73ecb5919214c1822d9cf415f00cc44f649f480ef2516899772307272de
results/deep_model_panel/openproblems/prnet_predictions_manifest.csv	1422	1e393d9f545c036c4a09661fc1667e610433c4851a21d2a8ea84b61ff3c25acb
results/deep_model_panel/openproblems/scfoundation_frozen_mlp_metrics.csv	1610	7c1876120c3b9b5d3321dd5ce7978428954a082f221b04870ffdda0f325d4e02
results/deep_model_panel/openproblems/scfoundation_frozen_mlp_predictions_manifest.csv	1512	6373db980253838b8fef5510a3f7a9e82e5f5fbe89531664691d83bfd09f0db1
results/deep_model_panel/openproblems/scfoundation_frozen_ridge_metrics.csv	1620	a1e271d73afe15f6ded83c2dde854fa51b158ec6eaf261c10589aedb04813a07
results/deep_model_panel/openproblems/scfoundation_frozen_ridge_predictions_manifest.csv	1522	8e80f42bfaa27fc6d706af3e0ee0088690ef51ce69741781554831646a7ded8c
results/deep_model_panel/openproblems/scgpt_frozen_mlp_metrics.csv	1575	76d9589cb51e817d4c299914288d47938e4314407406dd4e32a9461ebc37230c
results/deep_model_panel/openproblems/scgpt_frozen_mlp_predictions_manifest.csv	1477	e495453b30c5e9221b2cc29c8f77d0e30dcef3986dbd825eac2410548591cc25
results/deep_model_panel/openproblems/scgpt_frozen_ridge_metrics.csv	1585	eec370ee8f66f170b872061300c659bc36e13e915dc77140518c3c8b44fb5f0a
results/deep_model_panel/openproblems/scgpt_frozen_ridge_predictions_manifest.csv	1487	31b36c62758c0893fe78638436c70e7ffe9f9de2cc7941ad145e4ab6c75b1ab5
results/deep_model_panel/openproblems/transigen_metrics.csv	1540	3509feea9862f6f2bb68dcd59016b734cdad2ddcdb5ba867301d41c72062b5e9
results/deep_model_panel/openproblems/transigen_predictions_manifest.csv	1442	ce5e54f850b37164e2827cbefcac09730fed0c4aed009f72e3f81be7672bda53
results/deep_model_panel/random_to_strict_contrasts.csv	6291	ebcb567ec60b5ddc209da95b5828c435fefc896c912b2c662d868206f2a1627e
results/deep_model_panel/sciplex3/chemcpa_or_cpa_metrics.csv	1287	fa2808b94f58ac18c7ca9138436f9318513742aec914fad54cfe9326c814cde5
results/deep_model_panel/sciplex3/chemcpa_or_cpa_predictions_manifest.csv	1194	a35b3911d85d1912d524327193c481bc33f63b0ebded73ebdeb8e4393f0ad148
results/deep_model_panel/sciplex3/prnet_main10_leakage_audit.csv	3199	c7c2883d2c84fb765f64ffc589e3ac10b42da3841ab4cefede86885ed7f8d3a3
results/deep_model_panel/sciplex3/prnet_main10_metrics_long.csv	14243	fdb88e69539c988254c9152ffcb839fc0768f38d72b1c4139f38de46d72a5179
results/deep_model_panel/sciplex3/prnet_main10_paired_differences.csv	2618	6b75958e80d8b84a3d8f0d54996cb3fe418578338c2cd85fa1c86197da30f7f2
results/deep_model_panel/sciplex3/prnet_main10_predictions_manifest.csv	2813840	eae04d46871ab4082099505376c0333f5e92a5fc3e50134d58e8d1f83d316dae
results/deep_model_panel/sciplex3/prnet_main10_random_to_strict_contrasts.csv	514	cabb1f3e7ae1c2bbec2982477c040da63516da8f0dd609ece6c683c15ee6d253
results/deep_model_panel/sciplex3/prnet_main10_rank_by_seed.csv	10744	f3c681f5ec979ba631f95a23181700252e31e79ebc9e9fe243ee6ce3579b0317
results/deep_model_panel/sciplex3/prnet_main10_summary_stats.csv	871	7f5208995b1c1c360e7ce20aed765b3581d6d12a671d5011d6ce09f00ab4c895
results/deep_model_panel/sciplex3/prnet_main30_bootstrap_ci.csv	1056	333426e09998e8aa172227c112c02e44a14929ffd2b8be02fa345c90627e12af
results/deep_model_panel/sciplex3/prnet_main30_leakage_audit.csv	12884	a38809bb99269fbf91c949bdfbf7660ca214ee6256303b0afd614aa4b811d526
results/deep_model_panel/sciplex3/prnet_main30_metrics_long.csv	55532	2bed84159160c7b4d011b0fb87954e4fd480ded34648dfcc47246d1a598cc7c3
results/deep_model_panel/sciplex3/prnet_main30_paired_differences.csv	3443	5049717f5abef7586937d9d5221be5f3a472e849b5cf7c39db6d256231eac439
results/deep_model_panel/sciplex3/prnet_main30_predictions_manifest.csv	14757379	42330f4b97a132aa87fc7a969c9c0a8c14670784c30906f172f26830b48b5e93
results/deep_model_panel/sciplex3/prnet_main30_random_to_strict_contrasts.csv	512	6bcf8e4743b0ebd3c8e8169bb70d19c23d8f1fd2566bd1e108e7a8b7a000ab00
results/deep_model_panel/sciplex3/prnet_main30_rank_by_seed.csv	34329	a09062a3ab7e8aba638d10dc2c5d8d8c599947b3effda0d28fce32977bdddcc1
results/deep_model_panel/sciplex3/prnet_main30_summary_stats.csv	1479	c0fb5748e393e0f3ec545206bdca66555b9f0f153829eb43bf0a5d78bc2f19e3
results/deep_model_panel/sciplex3/prnet_metrics.csv	1480	2564a07c3247cf2e69e187eab04e8644157efd0557f9707ad81690bb751b6c01
results/deep_model_panel/sciplex3/prnet_predictions_manifest.csv	122641	dfb949066b04a7388857dfbdbe2947c633790ac4a9eb1756a6b475ef80c771c3
results/deep_model_panel/sciplex3/prnet_smoke_metrics.csv	752	44ca2054c2462a14d66989acca710f4c180e0ac658430bc5ccbac91055f5314e
results/deep_model_panel/sciplex3/prnet_smoke_predictions_manifest.csv	118965	62d908b1809fb3b8053d88c9acae064a472056f831d9f96da66187d1bbd42c12
results/deep_model_panel/sciplex3/scfoundation_frozen_mlp_metrics.csv	1323	07b1981c9d2f840c4f9cb0da0c587e5016e18602d38dc861e3b6b3c9a77ab8cd
results/deep_model_panel/sciplex3/scfoundation_frozen_mlp_predictions_manifest.csv	1230	5c075dbc250821c509e6cb6a9435b3a960f361d669a810a03609f647811c0e8f
results/deep_model_panel/sciplex3/scfoundation_frozen_ridge_metrics.csv	1331	65b279a11c9d6f2fd158838550c2d778c2e4f93f8a260651eae62637b03f555d
results/deep_model_panel/sciplex3/scfoundation_frozen_ridge_predictions_manifest.csv	1238	89761e748e441f030d0741fb6c698de3e009155f049d3a5666edf267cfc6b599
results/deep_model_panel/sciplex3/scgpt_frozen_mlp_metrics.csv	1295	8d89e5d69e5c6c5165a7ff176c95ed2566d0e07a28e01ee8aab8ed47cc682863
results/deep_model_panel/sciplex3/scgpt_frozen_mlp_predictions_manifest.csv	1202	66af7f807020c31d63ccb9c3ebc2ea75032b26a9caec909eaf51d3222d82b0d9
results/deep_model_panel/sciplex3/scgpt_frozen_ridge_metrics.csv	1303	260cf51ad4d184d8bc2196f9e76fb8d1d0b852eae15fe08524bb6be6fab11ef0
results/deep_model_panel/sciplex3/scgpt_frozen_ridge_predictions_manifest.csv	1210	e40f2650a9277b68a4534c9680841a7096f16d81ce41c1cfd7aba24041a92cdc
results/deep_model_panel/sciplex3/sciplex3_completed_model_summary.csv	1049	d0943b7d2d194da6f34b77e870fce108d963644d6686829932ea85728bd01fab
results/deep_model_panel/sciplex3/transigen_ablation_contrasts.csv	2652	894fc6cbfabd20096bff4389c9e6ed990362c23fa7a981ace4c7560345fbc211
results/deep_model_panel/sciplex3/transigen_ablation_input_dims.csv	287	401a1d84eff5be15ed7707bc1581a7a14bb4217fddacad572e9777666a6ceb87
results/deep_model_panel/sciplex3/transigen_ablation_metrics_long.csv	98452	5a5c2e1b0ad2ab7b5d9288505040e51dc6f9d0d8988064817cd268276375dbbf
results/deep_model_panel/sciplex3/transigen_ablation_predictions_manifest.csv	10875234	46a84e2e6600e8ec15b068709cec56bb21130f2493f18976ee983a1c5d6217d4
results/deep_model_panel/sciplex3/transigen_ablation_rank_table.csv	308	f47bd587f9621f32b1074493a7d46c4027d8c59cb338a3656db76b36888abebf
results/deep_model_panel/sciplex3/transigen_bootstrap_ci.csv	740	7fdd6ddd0d12a9104aed04d037734b4f7daaf1d02838c62b8cd195d805090d1b
results/deep_model_panel/sciplex3/transigen_leakage_audit.csv	13364	f30fc6b5aceee1c72d0964234be113c8a8ff9a4936b7738e424d336931faf0c4
results/deep_model_panel/sciplex3/transigen_main10_leakage_audit.csv	4560	050959ad70a57802ae18eeb789b0af8465e10336fbb2df7582fb9056ed776237
results/deep_model_panel/sciplex3/transigen_main10_metrics_long.csv	15459	34e6ae4af9195fba9a5f619af0c72d7888a521cee99bf9433e5aabaaec7b80a8
results/deep_model_panel/sciplex3/transigen_main10_predictions_manifest.csv	7254152	b369b9e379d44447c6ecda382a9d73c2b9dc6d59ca2a0f1761a0560a6f117e1b
results/deep_model_panel/sciplex3/transigen_main30_leakage_audit.csv	13364	f30fc6b5aceee1c72d0964234be113c8a8ff9a4936b7738e424d336931faf0c4
results/deep_model_panel/sciplex3/transigen_main30_metrics_long.csv	45850	871b6c2f6ffa238f0a46b96192df2edda09dd5a588c5131af1d8f675d8cd3d2d
results/deep_model_panel/sciplex3/transigen_metrics.csv	1267	016a44745c638e9ec44004f0bc55261a7bfc369a6cacf0baa8201513baa6c514
results/deep_model_panel/sciplex3/transigen_metrics_long.csv	45850	871b6c2f6ffa238f0a46b96192df2edda09dd5a588c5131af1d8f675d8cd3d2d
results/deep_model_panel/sciplex3/transigen_paired_contrasts.csv	740	7fdd6ddd0d12a9104aed04d037734b4f7daaf1d02838c62b8cd195d805090d1b
results/deep_model_panel/sciplex3/transigen_pilot_leakage_audit.csv	1126	c79fb0533671b69359e0aa996a2984b743a789d579f2f74f52a12e4a77289afa
results/deep_model_panel/sciplex3/transigen_pilot_metrics_long.csv	3700	93985e861cec7b1ca8ff94035ba2ddd13089c34cfb39f1b1b803ce11a28a30b2
results/deep_model_panel/sciplex3/transigen_pilot_predictions_manifest.csv	1308842	5749be3b2aaaeee6288b00a3305a500a9988d38baebfbc4ab7e3335664480654
results/deep_model_panel/sciplex3/transigen_pilot_summary.csv	892	457c3664c5bed67da50a065f9e708d945156ea999b3e7e3623edacc22be45034
results/deep_model_panel/sciplex3/transigen_random_to_strict_contrasts.csv	363	59674e1c35dfca190fcc1a2cb56257bcee0b4f4657d1f07bcc4e314386528ad4
results/deep_model_panel/sciplex3/transigen_seed_level_metrics.csv	31722	0a50f48c5e5e03296c708d86e92b315b2c67f3e677b96f23fc0d2be4efd53597
results/deep_model_panel/sciplex3/transigen_smoke_leakage_audit.csv	293	bca974175ad026d96b4698ef2835cde8a550b762825f7fbc70791cf8e2f54168
results/deep_model_panel/sciplex3/transigen_smoke_metrics_long.csv	654	896039e0c5aafafcc0a549f82fbd94d421ce3e21508be1303f582df8432929fd
results/deep_model_panel/sciplex3/transigen_smoke_predictions_manifest.csv	174026	21d1622afb41fdc44cc66a51b19f94474ebac0108bc6dff5dacb1e2e5c0d67f2
results/deep_model_panel/sciplex3/transigen_summary.csv	1109	817d2fda2d012f6df63d02ae39e8cfca58d9723395dc8349b4caf5059e4d4a21
results/deep_model_panel/sciplex3/transigen_summary_stats.csv	1327	14632f32d46508802fd975c32a202039e8f39d250352a992add248b7ed7f2a48
results/deep_model_panel/sciplex3/transigen_vs_baseline_paired_differences.csv	3623	6df59b7f4182c321a1ccdccc6e638558831e26df8586bef6b15db03bce5ea36f
results/deep_model_panel/source_data/figure5_pathway_level_recovery.csv	7476	0d6f6bb3d22db487d5f752500c2dd22ab12a0fe8845535657a8d38a90a812e22
results/deep_model_panel/source_data/figure6_completed_model_performance.csv	14951	f657ce2e9b00f03097b00cb64c2a6a16073c70f4e4f164cd703a8e872e318e04
results/deep_model_panel/source_data/figure6_modern_model_panel.csv	347	62dbac5251c8a3925aa72dfb561520f91d5dcbaee2923e1fe80951b26cd86980
results/deep_model_panel/source_data/figure6_random_minus_joint_drop.csv	2179	b67d72fb19da0757a0c2a4d4d448ea89eef51a5cd65d6e1ee27e09f15a847806
results/deep_model_panel/source_data/figure6_sciplex3_prnet30_transigen30_model_panel.csv	1315	24b2d73f233f2c2d0aecbc3761b7f032ebaa2fabd1ffd4f4a80916c0a889a1b3
results/deep_model_panel/source_data/figure6_sciplex3_prnet_transigen_model_panel.csv	1236	a2d132f97edbc5389621784bb0a15932c93281f591fa3aabf9f368404bb093fb
results/deep_model_panel/source_data/figure6_transigen_ablation_sciplex3.csv	4161	e12cd51c2f880b85ec4d04b0eab4b6b61d8c402f1cf185b6ffa17866cf620cb7
results/deep_model_panel/source_data/figure7_openproblems_neurips2023_rank_heatmap.csv	491	e3d0cdab6e6d2051958bcc424cddfe409427f5c23b1fb1e61074cdde69f5f06b
results/deep_model_panel/source_data/figure7_rank_transfer_prnet30.csv	1354	50115cb771ced858208e00df0b52a56fb4e6e3d10bec4aa35fdf86a080d5f906
results/deep_model_panel/source_data/figure7_rank_transfer_prnet30_summary.csv	443	6b5909b7f5941b20cd8c5d1638bf187e3360ead55de4f39cdce2afffe28a1dc0
results/deep_model_panel/source_data/figure7_rank_transfer_summary.csv	674	2d03ef122fd37e665c418295b9f701f8b15c759dcf7e03ee1a3ffce6cac46e26
results/deep_model_panel/source_data/figure7_rank_transfer_with_prnet.csv	1145	e855b88f8ffb947c6385ad1f92effca31d9e861ca1b37e8f2fe6dfa8d0606abf
results/deep_model_panel/source_data/figure7_rank_transfer_with_prnet_summary.csv	415	4614693eb9d127472709027666074b7026e8efc889a6192a6a52b9b7fb04929f
results/deep_model_panel/source_data/figure7_rank_transfer_with_transigen.csv	179	40e1c0043cfb9db44d39672a6ee94765a0b41b3ce80a26b163359632555c4c27
results/deep_model_panel/source_data/figure7_sciplex3_24h_top2000_rank_heatmap.csv	297	75c8be44233e11a3dfa3d087120415986837b7d9ee4be52b8feb7ed073a41539
results/deep_model_panel/source_data/figure8_model_feasibility_counts.csv	87	7983b0c9750aaa40fc8d247e77e62f2e4e22e59a183296d74d6aec19ea4e0f8c
results/deep_model_panel/source_data/supp_prnet30_seed_distribution.csv	54878	33c8d3251be17a9aebb4ccc5cab1b0a404aaf684947641195fb9b98aed62107b
results/deep_model_panel/source_data/supp_prnet30_vs_transigen30_paired.csv	1009	201e0e93c8d6d51a6f633795435dc49d3a6a1ea590042209257d486ccdbb991f
results/deep_model_panel/source_data/supp_prnet_seed_distribution.csv	14076	9938ae6ffef63fff03d8b22e6c6e96c62264d9fd2bdda4f7e3bddb50b1b25bbf
results/deep_model_panel/source_data/supp_prnet_vs_transigen_paired.csv	793	a78588e71fb485a473c775c6bb98dba1f3d5d6ed2aff9fd801341513ea436812
results/deep_model_panel/source_data/supp_transigen_random_to_strict_ci.csv	2652	894fc6cbfabd20096bff4389c9e6ed990362c23fa7a981ace4c7560345fbc211
results/deep_model_panel/source_data/supp_transigen_seed_distribution.csv	97032	8d00f5a89290161eda60da28f5ce4b6b152d0e87fb3e98db310f70adef5bc60a
results/deep_model_panel/source_data/supp_transigen_vs_ridge_paired.csv	3522	dbee45764bd37f6d522881d748735a9ad1ca0eb993a08476bb12525c90256996
results/pathway_level/pathway_bootstrap_ci.csv	5826	91b6b118e640ca45f6e4f5f8d657f62053cedcba2e23c31d21f2d3ccfe195a83
results/pathway_level/pathway_gene_set_overlap.csv	6847	8a2023c322e3811f00d65ba66b9d6841a4987cd29d9d9f7bc7f080cdffdd83c2
results/pathway_level/pathway_per_gene_set_errors.csv	4150308	e08003fe5259bb07a9b8e196b43fabccd02c1e91d6b4639f9ab39d717f646c09
results/pathway_level/pathway_random_to_strict_contrasts.csv	2552	45ddddbddd6d494ba76bfaadbf6b164c50200b5d078a0495e7d74d72b9ae8cfb
results/pathway_level/pathway_seed_summary.csv	144261	5d3a8f41455b41f778989f4e27cf5f19795ff653b3420f0282db35f7fa09cdbe
results/pathway_level/pathway_summary_stats.csv	3802	b3260c3bfd4e7c4214bc6f533c853b2f174409746d3e5e49231ed792ffd69722
results/sciplex3_24h_top2000_multiseed_30/baseline_ranks_by_seed.csv	128226	40c0d6d51c4a4fc8e8ef6194b79a087838741b8005689d5940dfade93b73ac01
results/sciplex3_24h_top2000_multiseed_30/baseline_summary_aggregate.csv	3933	62e2cba11135568a939b06000a7ec75fb728fc247b7405121317fb685ed291e5
results/sciplex3_24h_top2000_multiseed_30/baseline_summary_by_seed.csv	124861	159fd118064818662f97e367f07408cbbb33619af2da4af887f66b4c9e0e5faf
results/sciplex3_24h_top2000_multiseed_30/leakage_overlap_by_seed.csv	7614	17e1f62b5ba04d64bed37f7ac7216151719ad4dabf01c267740fee50e53cc0de
results/sciplex3_24h_top2000_multiseed_30/leakage_overlap_summary.csv	393	101504826d033a2320ca9110116b20e279829bb86624bc9f3e8bda293a29504f
results/sciplex3_24h_top2000_multiseed_30/mean_rank_summary.csv	2960	d4ee6fe2484e681bd0e2f473e2772827380d4913302cd4fc2b83558aa0154ca1
results/sciplex3_24h_top2000_multiseed_30/rank_correlation_summary.csv	250	1510324ab50449e9d32686b58996e2fb4d18f747b2f63d4bbf95395ae8f304ca
results/sciplex3_24h_top2000_multiseed_30/seed_001/baselines/baseline_per_row.csv	1374074	e954f20b5a2d3e0d7ee9ab7359587989d120ee5e8520fa64353819f8a9e3f8bb
results/sciplex3_24h_top2000_multiseed_30/seed_001/baselines/baseline_summary.csv	4264	68f3d2f96ea44c343a1176d9b30aee6a449acf851cf105c0527ec791b6f2c820
results/sciplex3_24h_top2000_multiseed_30/seed_001/splits/candidate_split_summary.csv	179	dcef0a5f0a53c626d2b447a701ba4d46406acf4511d14e949e5572d0a7f3d465
results/sciplex3_24h_top2000_multiseed_30/seed_001/splits/candidate_splits.csv	481426	44caa93b1b0833c6fff98f287f3ad298ae045371823d5d0c5a24464c83d49a69
results/sciplex3_24h_top2000_multiseed_30/seed_002/baselines/baseline_per_row.csv	1330535	7128b4965bc45299fdd5ce3b10c0cda0784a86849a8f77e45fd3ed3a89277ecf
results/sciplex3_24h_top2000_multiseed_30/seed_002/baselines/baseline_summary.csv	4265	dc0054b6cdb070e49c26710cd4f586e45d7875bf2bfd11bc26376face1f4fb70
results/sciplex3_24h_top2000_multiseed_30/seed_002/splits/candidate_split_summary.csv	179	c7d99405431301f51eb6670527ae171289aec539feea12d583ffc7f9fdac61fc
results/sciplex3_24h_top2000_multiseed_30/seed_002/splits/candidate_splits.csv	481380	bfc723c7827054146fdb0d03cfbe812d625b4c1c38cfbc7adbe6702c59f734fc
results/sciplex3_24h_top2000_multiseed_30/seed_003/baselines/baseline_per_row.csv	1467209	bf8eeed6aafb7c53cb201900eed418c97c75f57c387737cd66000acc057cab6f
results/sciplex3_24h_top2000_multiseed_30/seed_003/baselines/baseline_summary.csv	4269	9dee8890fd253155a9e681584915bdbd9a300e3591adb01c2b10c5997453c753
results/sciplex3_24h_top2000_multiseed_30/seed_003/splits/candidate_split_summary.csv	179	53068b4901b98e2a80d797c73dc58ca01ac6d31a50d921d11c73855791520224
results/sciplex3_24h_top2000_multiseed_30/seed_003/splits/candidate_splits.csv	481354	36850a4a796e73b382b491482b503b0b405ee2e24c8a28afce3874f55bc170be
results/sciplex3_24h_top2000_multiseed_30/seed_004/baselines/baseline_per_row.csv	1366643	538ef1b5f7783fefe9d721d3f23baa68a1592955d052376a43b0d37235171c3a
results/sciplex3_24h_top2000_multiseed_30/seed_004/baselines/baseline_summary.csv	4254	f52edb447013679be7bc55917a9ad99ded607c34f12a4cfbcf49927d4c25734f
results/sciplex3_24h_top2000_multiseed_30/seed_004/splits/candidate_split_summary.csv	179	9791deb999bb8ef0b03115e819d2169bc95070a28bb1581596fe70c0887849ac
results/sciplex3_24h_top2000_multiseed_30/seed_004/splits/candidate_splits.csv	481427	de1ff7cb338a1d87d52c87d44cf8b975b95b79dc592a525411ae8a75066120f8
results/sciplex3_24h_top2000_multiseed_30/seed_005/baselines/baseline_per_row.csv	1345936	62a0d6ae4ad660cbf193b9b773e2b8cd7f5037a973acfdc216600bbf3adc2427
results/sciplex3_24h_top2000_multiseed_30/seed_005/baselines/baseline_summary.csv	4263	1542e2c777865ad2ed9f3c825316acb9f2600f18413d0c1cb5f31e9d67efaa62
results/sciplex3_24h_top2000_multiseed_30/seed_005/splits/candidate_split_summary.csv	179	57f66c557381405f83046d3780e60bca0b2f3ff6e70e80df16b29c7f737629a5
results/sciplex3_24h_top2000_multiseed_30/seed_005/splits/candidate_splits.csv	481409	a94914375eadfd8f438265748802c2ab38b233ad4b955a244033e9f989cc8f46
results/sciplex3_24h_top2000_multiseed_30/seed_006/baselines/baseline_per_row.csv	1330991	e9bf12f3439d979d7045d25bd385ee7812b0e9020d907aacd4a10c537bfcda49
results/sciplex3_24h_top2000_multiseed_30/seed_006/baselines/baseline_summary.csv	4267	6bbc3f27dc3804e60e39b2c38442ef66444ba5d4e2af1a455029cf4f3e6ce699
results/sciplex3_24h_top2000_multiseed_30/seed_006/splits/candidate_split_summary.csv	179	968345dabf3dbb39b09cce04b27a022c5df89d4eecfdf313065111138cc24825
results/sciplex3_24h_top2000_multiseed_30/seed_006/splits/candidate_splits.csv	481461	e1649edbce243938adc7e0f75d13b26b39195aeb1f1e0aac981115c4dbc4cc75
results/sciplex3_24h_top2000_multiseed_30/seed_007/baselines/baseline_per_row.csv	1402733	b4f8818c46d8a86b482f763736f3ff6784cbd7d5ac254683e033f577e6448c3a
results/sciplex3_24h_top2000_multiseed_30/seed_007/baselines/baseline_summary.csv	4262	ad021a4c0fede17e0d5b8ccf13c495af9d15e5593418b11255cfdd5d65f14b2a
results/sciplex3_24h_top2000_multiseed_30/seed_007/splits/candidate_split_summary.csv	179	b6ba72d3169205a8131899301ba0442e358051608fdb8a0abcd9da3e24c0b385
results/sciplex3_24h_top2000_multiseed_30/seed_007/splits/candidate_splits.csv	481414	ad69c8f31c89b3a5d0b13db88b87d88a4d6b2b008b899e4fb5a72d1b61749035
results/sciplex3_24h_top2000_multiseed_30/seed_008/baselines/baseline_per_row.csv	1319956	c3b09da2c94358b19e07c819ec0e7b3a6826d454dc40f99072ca27183f44032f
results/sciplex3_24h_top2000_multiseed_30/seed_008/baselines/baseline_summary.csv	4275	aa97963f5bcb8c53ff371376f4f02bb6b1aec8912ceee2a93b1cdacfd8647e78
results/sciplex3_24h_top2000_multiseed_30/seed_008/splits/candidate_split_summary.csv	179	a0cd98826429ac925d7bad7d192318a840b656f9770d17751459d010826efe24
results/sciplex3_24h_top2000_multiseed_30/seed_008/splits/candidate_splits.csv	481459	652971dae6e11c4a14f147b1135e04cd718d7145e56c8259014757e816d0880f
results/sciplex3_24h_top2000_multiseed_30/seed_009/baselines/baseline_per_row.csv	1347392	eeb638d45b2a30fcb9c57528b7ed5a5316c4df70d14dadd69c93266574f5a435
results/sciplex3_24h_top2000_multiseed_30/seed_009/baselines/baseline_summary.csv	4256	fb86b353a0f602a2cc356f2a0637ffb0c13211884c652cd6c4eb38693c12fa6f
results/sciplex3_24h_top2000_multiseed_30/seed_009/splits/candidate_split_summary.csv	179	8134cb48a3f970307b52db54379f6fbb6913a14e54449215f257f9512d9fd8ca
results/sciplex3_24h_top2000_multiseed_30/seed_009/splits/candidate_splits.csv	481426	bc1d8bdf052b3551641008f5528810845838709996ee71b259254f93cc503756
results/sciplex3_24h_top2000_multiseed_30/seed_010/baselines/baseline_per_row.csv	1333817	052105da9a48eca3ec4f1493211623f737d35436a838aa31130230682699ff40
results/sciplex3_24h_top2000_multiseed_30/seed_010/baselines/baseline_summary.csv	4293	ce3b5ad7aef12a5294691833760367859b5d8a571c8e6690f7ee25b1aca3440d
results/sciplex3_24h_top2000_multiseed_30/seed_010/splits/candidate_split_summary.csv	179	b64235fa159fdf91fd729bda61323f008a52aced91f94b6c93fb65f85b898554
results/sciplex3_24h_top2000_multiseed_30/seed_010/splits/candidate_splits.csv	481402	b5bd25ba2c9949336bcd9ccadc226e4e787e2f4bcbe3e71ab9bcbcd70fedb93c
results/sciplex3_24h_top2000_multiseed_30/seed_011/baselines/baseline_per_row.csv	1380261	dd201580872e7e1ba4abc5ef90be45246509f822219951af18a076abe9802705
results/sciplex3_24h_top2000_multiseed_30/seed_011/baselines/baseline_summary.csv	4285	49b98b235f53034035fabea0ab0afac73c8ede89018c9a47d659c4df179b0d09
results/sciplex3_24h_top2000_multiseed_30/seed_011/splits/candidate_split_summary.csv	179	c3220ac2ca965032b64e8c364dd9750a6757e4d0f4a1711bd66b38c1acfb39ff
results/sciplex3_24h_top2000_multiseed_30/seed_011/splits/candidate_splits.csv	481400	04d4e7c4de3c971ad6855b9e00f06a3b4bcc86e6acecdfd356acd31ff0c2c1be
results/sciplex3_24h_top2000_multiseed_30/seed_012/baselines/baseline_per_row.csv	1360444	1260fb48873c269326c6dc40e422f828fcb72c2f8c8063100f9c3f14d2fc993d
results/sciplex3_24h_top2000_multiseed_30/seed_012/baselines/baseline_summary.csv	4293	98f1bea9621a9358b51daccb40a303ece66872d0ee15d887a27dbb54d9e4d4c3
results/sciplex3_24h_top2000_multiseed_30/seed_012/splits/candidate_split_summary.csv	179	3532e031ef98af13d1db2a3a778696957c4d6873768de50380bc7f68cfcda871
results/sciplex3_24h_top2000_multiseed_30/seed_012/splits/candidate_splits.csv	481413	2e3907fe32cf413c6c1f339520071b6f234587bdb7fbcbcd314795b5cb060e29
results/sciplex3_24h_top2000_multiseed_30/seed_013/baselines/baseline_per_row.csv	1404600	ed22861746315deb049499954a090508f17420c9efc272791bf658780c2b308f
results/sciplex3_24h_top2000_multiseed_30/seed_013/baselines/baseline_summary.csv	4283	1e3a48815b896c4cb470c66353270d0f91628aa28b3c8455f93cf88fb6a2e396
results/sciplex3_24h_top2000_multiseed_30/seed_013/splits/candidate_split_summary.csv	179	0a3163789dbcf6edaf4a74404a5d65bdb307194c37bf03720cbd006dfd35b3d0
results/sciplex3_24h_top2000_multiseed_30/seed_013/splits/candidate_splits.csv	481411	674f682ff956ef95fa54fa54151d60d9c209cb7d86383339f3c027d1acea9062
results/sciplex3_24h_top2000_multiseed_30/seed_014/baselines/baseline_per_row.csv	1516453	97d29f8c1de77ec2be7c0f8ab42dff5d9d32964a5a1362ffb3d41a1b81283d7b
results/sciplex3_24h_top2000_multiseed_30/seed_014/baselines/baseline_summary.csv	4291	f979fc43ba5fdf8e3384c1292e0faabf71e51d989175e2843c2e6237dd34b17e
results/sciplex3_24h_top2000_multiseed_30/seed_014/splits/candidate_split_summary.csv	179	88cf7f71bc9e550a6bcf21f2ea2c6b3ba29128187cef2859382a608046857702
results/sciplex3_24h_top2000_multiseed_30/seed_014/splits/candidate_splits.csv	481366	c311dde089411cd8c518ee9d22ddf8ee7e6441c73d528ef3ddf8e06e70a6b38d
results/sciplex3_24h_top2000_multiseed_30/seed_015/baselines/baseline_per_row.csv	1430543	83d31c65829bf9f27c161172a95d07a9ad9849a5077188b4723e67d201e23224
results/sciplex3_24h_top2000_multiseed_30/seed_015/baselines/baseline_summary.csv	4297	55216dc014f27a226472f84ba63116a3d0eef489994c51f261b42c3b41c11ca5
results/sciplex3_24h_top2000_multiseed_30/seed_015/splits/candidate_split_summary.csv	179	31572627c539418087d39c51f7d35e72d636da72069d170588fc1ae4268dcb19
results/sciplex3_24h_top2000_multiseed_30/seed_015/splits/candidate_splits.csv	481410	1c47f1b07fac3ff45d1d87809e5ca42d375f9c7efadc9355bea5b87c6e45f1ae
results/sciplex3_24h_top2000_multiseed_30/seed_016/baselines/baseline_per_row.csv	1359357	e762b213666b178d289864fbcb9a0c167137635dec0cbb2594a9d7fd699f0027
results/sciplex3_24h_top2000_multiseed_30/seed_016/baselines/baseline_summary.csv	4301	db7d63a9af0cb2b17bc3c84a041841f61f4b923fb35039b87a134469771588e5
results/sciplex3_24h_top2000_multiseed_30/seed_016/splits/candidate_split_summary.csv	179	14a6198384a47fe14691705f199b0d13fad3fbfa3dcc2b0a28c42cba1f965823
results/sciplex3_24h_top2000_multiseed_30/seed_016/splits/candidate_splits.csv	481396	1d1e63bd712042e9ce143a78ff96b020018b5271de1817f45997b01bb01ee788
results/sciplex3_24h_top2000_multiseed_30/seed_017/baselines/baseline_per_row.csv	1372409	1a82582aae540547e5db4468f5acc3e82a79a7586d159bd30d75f40075cc58fa
results/sciplex3_24h_top2000_multiseed_30/seed_017/baselines/baseline_summary.csv	4305	b92b0a72fa02b22653d39755cd0897d2e6f6f5b7f0acf61b1c0b10059ba3c154
results/sciplex3_24h_top2000_multiseed_30/seed_017/splits/candidate_split_summary.csv	179	34f56c7b4a5fddaab7ccd7fb0f7ae3bdedb105c2551504ebb8f726a4f90fb681
results/sciplex3_24h_top2000_multiseed_30/seed_017/splits/candidate_splits.csv	481408	9a3f5df95f163adf14fe99d156c0b1add1af897a1527f9a9d581619fef0556e6
results/sciplex3_24h_top2000_multiseed_30/seed_018/baselines/baseline_per_row.csv	1487896	31457bec333b77a4cb1c0cd1c5c6c4cf62a18e566b882cb563554d32cea55d50
results/sciplex3_24h_top2000_multiseed_30/seed_018/baselines/baseline_summary.csv	4295	6e5ab7d3d83db16715501a237ac27e72857da1b5d5ecfbda26634ec952244894
results/sciplex3_24h_top2000_multiseed_30/seed_018/splits/candidate_split_summary.csv	179	8349e184df887c008f57f32abf8464525f73faf5c5ea70ca83d5a09299fa2b24
results/sciplex3_24h_top2000_multiseed_30/seed_018/splits/candidate_splits.csv	481361	d830083991c8ade02bf1325bd00b5ed27ddc3099606602b7ae34b0b2e0826ed7
results/sciplex3_24h_top2000_multiseed_30/seed_019/baselines/baseline_per_row.csv	1405448	e62d4e661101ead2cb30eff9e55d3d634420c0acdc104ce319ea214ffe793fa8
results/sciplex3_24h_top2000_multiseed_30/seed_019/baselines/baseline_summary.csv	4285	ce52c69586a113d532a5a9a7059d24ef62a188c71a018621e7678934874dee0b
results/sciplex3_24h_top2000_multiseed_30/seed_019/splits/candidate_split_summary.csv	179	0bf71ce2c130e01b79d05a5bbe78b99ff09ef397bbd1be755d4970d4edd33fec
results/sciplex3_24h_top2000_multiseed_30/seed_019/splits/candidate_splits.csv	481412	2f5c0337d3f9691142c7fdc516793380edd61c200e0255ff9ebbdecbbc44b385
results/sciplex3_24h_top2000_multiseed_30/seed_020/baselines/baseline_per_row.csv	1387371	082205266700a159e6a8a46b4b23e1d15f1142fcdc5fd860f8921955151d8a55
results/sciplex3_24h_top2000_multiseed_30/seed_020/baselines/baseline_summary.csv	4289	b0ff5aeee5f73a10f4870804bebf869cfe077ec0760ed9b39ff1a9cf535501cc
results/sciplex3_24h_top2000_multiseed_30/seed_020/splits/candidate_split_summary.csv	179	2f2384998d6f3143e599f7f15b2906dc22fd8b2364896ed07f6bf0877715aeb2
results/sciplex3_24h_top2000_multiseed_30/seed_020/splits/candidate_splits.csv	481398	52ef72e3fde5c066aedd491410bb180246c7ab3d54823d7bbcadb0a4ce1643e6
results/sciplex3_24h_top2000_multiseed_30/seed_021/baselines/baseline_per_row.csv	1368334	1acb79799384f485913ed896384f15aa44a739bd69ae0efff06ea8725fe601f0
results/sciplex3_24h_top2000_multiseed_30/seed_021/baselines/baseline_summary.csv	4272	e2e14b2e036c4e64410b0140f909ef477d4394ff1fdd0c4436558cef578f0eff
results/sciplex3_24h_top2000_multiseed_30/seed_021/splits/candidate_split_summary.csv	179	dd966a06c6b9d29a7bd3cec1b418c59aad8cf1ae059e9d748878acb8b8f72c14
results/sciplex3_24h_top2000_multiseed_30/seed_021/splits/candidate_splits.csv	481417	9ec5d5c01c73396cfd30f6e464b7de4ccb4fb21d46c94b1937f95bdf38eb7dc7
results/sciplex3_24h_top2000_multiseed_30/seed_022/baselines/baseline_per_row.csv	1392322	c66a799420ece3d3f98ffdcd4e7d64c1c57c471068389f355a3dd81073bbc828
results/sciplex3_24h_top2000_multiseed_30/seed_022/baselines/baseline_summary.csv	4299	df67fcd6a18fcb763f116f9d91145d16a84620b80ad50e1a6b70153ce007e347
results/sciplex3_24h_top2000_multiseed_30/seed_022/splits/candidate_split_summary.csv	179	10207033460886f2b40db3cefee7f742c94311c96df751a1540d26af7414cc25
results/sciplex3_24h_top2000_multiseed_30/seed_022/splits/candidate_splits.csv	481380	44f37dcbd22a796c11f6f388a0b3485a0a720afe617098300802209ede339e66
results/sciplex3_24h_top2000_multiseed_30/seed_023/baselines/baseline_per_row.csv	1354378	b8d569f319bdc30ba87015ee29644617ad8103e88a700a86dd202df6d6c71e90
results/sciplex3_24h_top2000_multiseed_30/seed_023/baselines/baseline_summary.csv	4288	6c6bd9e4705789c4b9e5f54f9f277c9ad5edeed77d2c98c6ceddf7a2e45bc942
results/sciplex3_24h_top2000_multiseed_30/seed_023/splits/candidate_split_summary.csv	179	5b05ebfb844b7b003395e253afa8af5eef320521b2b25c8836861db6f5606168
results/sciplex3_24h_top2000_multiseed_30/seed_023/splits/candidate_splits.csv	481450	916cb22c17e2726196bf45cf4b0389590d1a2ed63ab1b2d4ab910a415eb1c93e
results/sciplex3_24h_top2000_multiseed_30/seed_024/baselines/baseline_per_row.csv	1358600	a0551f18833dd9b072c3f2a7e4eade16fefc318bd47ee0daf00309c9fe18ac7a
results/sciplex3_24h_top2000_multiseed_30/seed_024/baselines/baseline_summary.csv	4286	a8cab68b83ee43702de5905ba67a4da9e72860be68cd6871bbff1f8feb0a5b92
results/sciplex3_24h_top2000_multiseed_30/seed_024/splits/candidate_split_summary.csv	179	fdcc357d9ff29f242ee780d004dff8f455c4b5c2d0ebf3d8f26171de664e2472
results/sciplex3_24h_top2000_multiseed_30/seed_024/splits/candidate_splits.csv	481436	32d216cd4ad44dafa27e755b7de4fdbe96c01fd7a53e7f5b2ddd7335577bcaa1
results/sciplex3_24h_top2000_multiseed_30/seed_025/baselines/baseline_per_row.csv	1340822	9335c4b2ef70c6a5ae0caf489bf01c1e324e86d5804b265294c88ce4dd3b2247
results/sciplex3_24h_top2000_multiseed_30/seed_025/baselines/baseline_summary.csv	4302	e6dcd00b62c5f9fb76f8009d2b020f7edf8f26ce7e5e0621e617df2a8ee18ee7
results/sciplex3_24h_top2000_multiseed_30/seed_025/splits/candidate_split_summary.csv	179	3fc6e4d7f8b9eab19e9bd03c0c63cb83a007504ba18bc692f0e53c183c15abd9
results/sciplex3_24h_top2000_multiseed_30/seed_025/splits/candidate_splits.csv	481392	d8f11860d9a52c405e946a931e77b05dc4a0b851455d13233875462a7360b0c3
results/sciplex3_24h_top2000_multiseed_30/seed_026/baselines/baseline_per_row.csv	1366214	39ff8228f72a6af3d9cdec1690c798991c888fb8bd81fd0f18d2e58f76a0cf05
results/sciplex3_24h_top2000_multiseed_30/seed_026/baselines/baseline_summary.csv	4290	fd1216a29938072794f0ba85235e97263121e992722f56baa5f7684bd2e753b4
results/sciplex3_24h_top2000_multiseed_30/seed_026/splits/candidate_split_summary.csv	179	7434d3c4ff7477a6ec992e41b7047680a27c0458ab6860466cf8381a35e0f436
results/sciplex3_24h_top2000_multiseed_30/seed_026/splits/candidate_splits.csv	481437	ee5ec90211494ea7ff8f4a770246113adc7537a07daf6afc9a18811a1071f20f
results/sciplex3_24h_top2000_multiseed_30/seed_027/baselines/baseline_per_row.csv	1344995	a1f4f7f564172da1c4168bde3f1dbfac14290d0daece6dac0ad5da7ecef6660d
results/sciplex3_24h_top2000_multiseed_30/seed_027/baselines/baseline_summary.csv	4297	a339045e3c853e155915f4719b9a72c87b0372aef146ec36488d270a3d0d0802
results/sciplex3_24h_top2000_multiseed_30/seed_027/splits/candidate_split_summary.csv	179	d1650fb591cf05fb44ff2a102446020dcb96808262e2280c2aeda28d1b231784
results/sciplex3_24h_top2000_multiseed_30/seed_027/splits/candidate_splits.csv	481402	87e9919b651b8207810a864f4942981c7a1f3ff30bb2bd1b3ace332250c3dc36
results/sciplex3_24h_top2000_multiseed_30/seed_028/baselines/baseline_per_row.csv	1347698	1062f4710c47b32c46fbf6767401f1198e539c1c4fdfa5e73b163dd8e1d50db1
results/sciplex3_24h_top2000_multiseed_30/seed_028/baselines/baseline_summary.csv	4308	51e40501c8cda10c39b2b93222b880d37e6790f078e3f37c3b658190ad76fd4d
results/sciplex3_24h_top2000_multiseed_30/seed_028/splits/candidate_split_summary.csv	179	107e1bfe58f55bc03ef3290df0a03dd6ce1c08455ee52defeac6667efc95c0ed
results/sciplex3_24h_top2000_multiseed_30/seed_028/splits/candidate_splits.csv	481379	a227062d139d3007778e1d5e1d3831b3b6daa493490f217131644c1e1588817d
results/sciplex3_24h_top2000_multiseed_30/seed_029/baselines/baseline_per_row.csv	1351603	66f7f71e75227092784d67c3f5ee694022ec9243813c442ec95bf1861d79750e
results/sciplex3_24h_top2000_multiseed_30/seed_029/baselines/baseline_summary.csv	4293	d14356d84f62e6e5e634820436f425da01017d27bc16ed1021d89bf5c66db375
results/sciplex3_24h_top2000_multiseed_30/seed_029/splits/candidate_split_summary.csv	179	2ec06485eceba4832e99b2c1f6bfc626b5d392ee1e8aac423266c69f3c94566c
results/sciplex3_24h_top2000_multiseed_30/seed_029/splits/candidate_splits.csv	481451	b619853812759e2aa6cef186d4299bd2ba6ee5c0ce3552ba9e3d292e7d2b76ed
results/sciplex3_24h_top2000_multiseed_30/seed_030/baselines/baseline_per_row.csv	1380721	0e41713fb2eeceb2039eb025be16f36fc88f17236a25fdbcd59dc2a3765dccc8
results/sciplex3_24h_top2000_multiseed_30/seed_030/baselines/baseline_summary.csv	4288	6ca0cbdc95eea85794500b791153e9f33fbd6a9a324100bae840091ac98cae8a
results/sciplex3_24h_top2000_multiseed_30/seed_030/splits/candidate_split_summary.csv	179	1360ba3cf65fc85737c3dddf61f3848296070e6e80be5def5ff8213df3a1ac3a
results/sciplex3_24h_top2000_multiseed_30/seed_030/splits/candidate_splits.csv	481439	aec1941a036c2664d01457ccf779b4c667a88d201239ea4fc83d674cd9ab402f
results/sciplex3_24h_top2000_multiseed_30/similarity_by_seed.csv	4920	c4d28c3f9ccf552eb30b9d85aeb58f7f40fd526e109851f9b98b5eff9ed1da56
results/sciplex3_24h_top2000_multiseed_30/similarity_per_row_all.csv	6484000	5a074d390f66d115bdc9115f73a0502d36f3f61386ce2f02106e01d1505d160c
results/sciplex3_24h_top2000_multiseed_30/similarity_summary.csv	358	e347a4da1a281b6b30525f60723e93caa289dd195659dfc960e1aaeebea4e4fd
results/sciplex3_24h_top2000_multiseed_30/split_rank_correlations.csv	4373	d16a3a0adb816b0518f99cab56219f19a25d7b286aa28730236768737137ebdd
results/sciplex3_24h_top2000_multiseed_30/split_summary_aggregate.csv	526	3ec1e13f72c52f641b134f65476b3c81e07653f9b7e1b0afdee0f27c505050e6
results/sciplex3_24h_top2000_multiseed_30/split_summary_by_seed.csv	4249	9fdef42c5deef6ff9971e4dc0896dcb1c5d800cb4f88f6ca065024bb25876ffd
scripts/__pycache__/build_manuscript_docx_v13_JGG_targeted_revision.cpython-312.pyc	12138	2faafd84cadf5fea4ad588e7e4450e93743ca2066b3a0f471c84d8206a79f728
scripts/__pycache__/drug_similarity_audit.cpython-312.pyc	6770	32ec6a3cf9cd5ed680f34ed53b2f62a80ee4181f37a4885ad10158d3aafb1364
scripts/__pycache__/evaluate_ridge_openproblems.cpython-312.pyc	15537	a50b7ffacec486c6181b240fbb0707527009f155aea7b90fc3904afba16e618a
scripts/__pycache__/evaluate_sciplex3_response_baselines.cpython-312.pyc	10144	fe81b3669b353dd62cac6b71bc0845c079c45d72df58e5f4473055247c21b0a7
scripts/__pycache__/evaluate_simple_baselines_openproblems.cpython-312.pyc	12875	b4f6c8d1ba15ecbee92f10a361edd94b0e0b2215326bd95dc53caed5f6baaf62
scripts/__pycache__/make_split_plan.cpython-312.pyc	4942	29fb08e19907f6e22aece76ab23648236bd621c9dd1751f3662d8ec1c139418d
scripts/bootstrap_similarity_ci.py	4288	54243a02176df1c9f052a1fcdf8c0c73d7108d8a4ae731e324e995a7a31548df
scripts/build_benchmark_resource_package.py	12803	a10804070b966427cd088352b7ef56611767a35dfdc1a52941ce2d6ad0a21755
scripts/build_manuscript_docx.py	6645	0b993ae33ccde25ba8c99c94929f1c0730a3caca8f47d0289607830ee43179c1
scripts/build_manuscript_docx_v10_transigen_validated_prnet_smoke.py	7186	c90317f7e555778a3fe43ae428535535ec3c955a535e1809abc96548fe7c2549
scripts/build_manuscript_docx_v11_prnet_main10.py	7077	e9846ce6888db722dce5a1384375961147cc78c594e1b3c8d5fc71b41ab0a226
scripts/build_manuscript_docx_v12_prnet30_final_model_panel.py	7156	ba769e7e161df37253bc0517cc1449b08c93ca941840067a911b127a809270c3
scripts/build_manuscript_docx_v13_JGG_targeted_revision.py	6843	998353230083f772995f68c8a62e162eecc4862c5047fc06d70f65d07a121978
scripts/build_manuscript_docx_v14_JGG_pathway_added.py	6915	bbb11b4069f2e7687f48c432de67994d7a6120a8bd4341c0c40daa42f9398f75
scripts/build_manuscript_docx_v15_JGG_submission_ready.py	6933	b3dfb0fa3cf13cc06fd40fcc280dd6da825fb0c56fdfabd25f3b2b77af3e27eb
scripts/build_manuscript_docx_v16_JGG_reviewer_aligned.py	6933	da10c0a4cee391d55ada16ba82c0babc4e8a927f31d7c7550a08efb9a7b90167
scripts/build_manuscript_docx_v17_control_conditioned_neural.py	6969	4ab2068625f1c08a4e49502b77ec3d82111b7faac1b30f420ca3ff795261b0e8
scripts/build_manuscript_docx_v2.py	6657	3bea37dbbd1f2e838d2cbffee7f25fe25982270c06b34fc0ca11ffca3c283bf2
scripts/build_manuscript_docx_v3.py	6815	040b125c2aec1d053aaa60a880efa8310ec73d1086697c699f5cf967eaee6045
scripts/build_manuscript_docx_v4.py	6893	881a47cb47c13ccca14af7c90d8ca620e3f5e59b4c7f56754593f1f8a6775182
scripts/build_manuscript_docx_v5.py	6893	5d31810285b885a8c7bf501b9ce56b828733e493530e64dc668717a73b12b783
scripts/build_manuscript_docx_v6.py	6893	f1083760fbdeaeceaa073327512543562f19af96db9a0192d0ac2aebf6583149
scripts/build_manuscript_docx_v7.py	6893	f65572ddb8580fb8e6958faa2a59bd741bba38547bc6c49395dcda7fb6ae6011
scripts/build_manuscript_docx_v8_deep_model_panel.py	7146	a7cadbcb1a15f65b345ba952931e757fa6a2de1a60c98b459ffe4c2a6f466b76
scripts/build_manuscript_docx_v9_transigen_sciplex3.py	7102	607b9bf651edb834e25d16804d42703bda02035468cdd6892e533f40791c9462
scripts/build_sciplex3_pseudobulk.py	5987	11f2b1753aa2992529670a89141e47dceaab55fb51bea761b90b7cbbbc834488
scripts/check_transigen_install.py	881	e49211b635b453a1033de772e42074803c09f4f05ca86e135dd7a248d26e5323
scripts/download_external_models.py	513	1e1b9d96b9390a1b926727d96e9b266a9aa30cc0cf92bd2a048d42198811a9d0
scripts/download_scperturb_file.py	2490	794561861b54889d85a89fdd62c0bee42b14b216d73e597307843af602b87aa7
scripts/drug_similarity_audit.py	4042	3a73979735c51add9ba87c7cbe8d26d86d78e8cc7020ba0d25935043b216d0ca
scripts/evaluate_nearest_drug_openproblems.py	8566	87bbfcd09b83b7564cb8094d45f080b7f2d51216e82ca6e6380e42e0adfbd318
scripts/evaluate_openproblems_moa_heldout.py	10805	1820a468f545cf6c8b27e6af92853dd1f4bcc40c89102d1d5a0e73cd7cb481a8
scripts/evaluate_openproblems_moa_heldout_fast.py	7528	921b61be431e9fea5d9692c429f1f1cea3f547880c06ba5559c4b362ad150ab0
scripts/evaluate_ridge_openproblems.py	9869	ffb7857756d93d9645b0f09c4e98f117346a7ced2ab0822abfd10f80e48ae3d7
scripts/evaluate_sciplex3_response_baselines.py	6357	a5c98b86925cd6a7ba4869eb72ec8f6d6daccbaf8c13b961ff1a8affef46bd11
scripts/evaluate_simple_baselines_openproblems.py	8480	2436ee23af9bc7df202b9e59f70080ee1b9aa4d565fb6262bfc6d6d582cff580
scripts/evaluate_svd_ridge_openproblems.py	8741	ba0989931085a0fd19347c2f244174b409b14a0a2ec85f15bdf077e43585afcb
scripts/evaluate_topk_de_overlap.py	9351	d0291d1a5d83527b010bf77ddc1c484789eac2d7faa6ef0d0672bef3ec58094b
scripts/feasibility_audit.py	4720	507977b08c9ba13e0fcc89accb6e0eb629e911847434f6e0e123f6e43b330608
scripts/inspect_h5ad_metadata.py	1930	3068e4aea9fcc14ce7db6f5bc5272c65b482a20ac77e29094c96c58315888343
scripts/leakage_overlap_audit.py	4089	d03363fcb8451dfdc16f3db8f3b0a1bc0018e111d9ad6a77bb51e840dd406f41
scripts/make_manuscript_figures.py	13670	91eb7540d0e934e3da12787340f802a69b6462da5bdda0b26b7550feb5593be4
scripts/make_ranking_instability_figure.py	9066	04b53795fce7741885ca2e0abcaecd5f5c91fb608651875838cc4b589e0ab752
scripts/make_split_plan.py	3143	0217c2800767f71813ffa55669e4a5fb62e5960c28e326d9b202e801809810b6
scripts/manuscript_v4_stats.py	6417	8e72c00bee36b155f1f57fdc15bab2b2592328ac0fcd5a0d6ddeb297e13258a8
scripts/manuscript_v5_stats.py	12900	3cd51ea2d0c1e5bec5633d672879f84fd8fb3f34918afcf0f5752cc08718da38
scripts/map_scperturb_pubchem_smiles.py	4831	f3a441e8fff58793e8e9a39970415c17e24560ad99b7afcc22f83f390523af79
scripts/plot_combined_baselines.py	2325	734ba34d4d577f0abec49e8d972399590d129f82e390adacbb1427fbb623dab9
scripts/plot_deep_model_panel_figures.py	7745	7a2081dcdc13d92a4c0e8e138377245d405a3fb3436587d1254ac33de4bd17cc
scripts/plot_multiseed_baselines.py	2487	642e111dba12e7aa44201372ea1347d59e06f6f2cac798f82155c91852b59867
scripts/plot_multiseed_de_baselines.py	2261	e3d0a492f4344320bb17ef6ad09dadd46edacec33fa9e2252419c883605b69ea
scripts/plot_similarity_audit.py	2109	08220195a17ef4cea10eb71af04fca604c5ae6cb6adf2b55082f7c95da25aa39
scripts/plot_similarity_ci.py	2105	32522f3b4f826faeb02b9942fca6c98eb99ee16820e19972f9ca8b9abf16a41e
scripts/plot_simple_baseline_decay.py	1828	3c42b2d68abb021e9d06cf8650915ca688e9538c16f24406ef15d33a64c6a968
scripts/plot_svd_ridge_comparison.py	3034	255ed2115ac620eba3c083d14550fdeb86619df2242f1310177e8f90cea49876
scripts/plot_topk_de_overlap.py	2696	e0e70c0a22cf635cad0487cdbedbeaf775d340188f71d5998c1a36d9a8e9a499
scripts/prepare_gene_sets.md	1617	61ffc3d2c26bfbbc3e08e25c1cb6ae94d2b46119590a55edb9ef0239fd5a2b07
scripts/prepare_openproblems_metadata.py	3571	8b1fb52e402d8f1e28a28574a68801cabc635b52652d7c5d23f417e437860695
scripts/qc_deep_model_panel.py	5168	ec76db933cdc1b5439f5a618a4ba5080fcf39452daa5614180f34b38dfbf328e
scripts/ranking_instability_audit.py	7730	31bf6e35510ef6c02e89efdd4c1e8a64006bb04b16c51d6737d42237dce38658
scripts/run_deep_model_panel_smoke.py	297	0f0d6599dce430124710dd513b72bf49061d2d2f4bc051fe0a9174b04d85f353
scripts/run_nearest_drug_multiseed.py	3015	78601f5c2b7d2838ede15a73c07bf97b6e333266c2e7863968a2fddf57e4ae2d
scripts/run_openproblems_multiseed.py	5966	c8c2df4175c7e8bb49b4c7efd2bfbbdd94402bd3dac5b3feabd899acf41efdf7
scripts/run_prnet_sciplex3_main10.py	12744	571091618dd1e11ca73fac063a95ea7282539af8adc864f98a4c8ed7d923c01a
scripts/run_prnet_sciplex3_main30.py	12802	a1e64a938465da86f1cdf35f9afebcbaf4922a8a0bed5abe91f17c1b38fe988f
scripts/run_prnet_sciplex3_smoke.py	7170	8e466a5d3e42a1397169a6b8859ac3b9b37665073b6097ce12325dc6a2a896e9
scripts/run_ridge_sensitivity.py	4606	581548f66c59e4214d1fce0d59751fc698e8b943d72a9d5f57fdd26d94fa5099
scripts/run_sciplex3_multiseed_benchmark.py	13840	9f3fcf33317228f6023a395c70af8931cb6aa953641aaef543ad50f479b6327e
scripts/run_svd_ridge_multiseed.py	3902	abdacc6348060f8fab0682efabf86ce09c1282c303689edc692b18ad49b1eebc
scripts/run_topk_de_multiseed.py	2687	09c534c8077167ca279c0dd9362a8284685241087ded8c6ff4b4aa5ac41e8714
scripts/run_transigen_ablation_sciplex3.py	6280	bdbe312c0a568bed347af08ec449ef21209a3fcf49d433c760572b6c9960e26c
scripts/run_transigen_sciplex3.py	9848	93cc7a81f6eea35d0e1dde60d1ea26c598975708401ce91585670a77dc566e8e
scripts/setup_transigen_env.sh	431	cc734d25dfa72fc3b610b78a31a3a2d88d47245c2de28ff260f467cdeaca390f
scripts/summarize_prnet_main10.py	22766	473fc5a79bab1f64f9a4d78161f9a40a85b276f3d1e29f43f66de8dba9426aff
scripts/summarize_prnet_main30.py	25806	ef37278a73d2b2f6710812fc5b11c82d08d355f0c2f2ee9e250b5588bdcbfff2
scripts/summarize_transigen_ablation.py	7232	f3c32144f70b9f5d70926acbe312889b48ab4c0f1db74f21c1fdc9884137864d
scripts/summarize_transigen_sciplex3.py	7187	b5c2dcb4ad10a5ced74ba12b276c9e0c421ac04a65362b2fc6165ae2d1725e4c
scripts/transigen_robustness_audit.py	5990	d0f8e495c211ff8d6093f9a0204f4c6f506773b0b0d40aca0e79517e7fa1d019
src/__init__.py	52	ca89e088ba004e091da11094215be48a9c2e04547d58d69397b8bd0e37b48ef0
src/__pycache__/__init__.cpython-312.pyc	206	256e40628cf86146f8ea2e25df307211ef6276ba9d4b4b322cf99000fccc4067
src/analysis/pathway_level_recovery.py	36437	45447106d77dec73a510789c28d72ff2c0de9f25350f9552f8a9857d2a8e8ba3
src/analysis/prepare_v15_submission_ready.py	38999	3ea1461dfe3e12fd386df4930f090612e5c9e3d6970d8587ac23fa3581f5d279
src/data/build_transigen_sciplex3_inputs.py	4744	fcdd6fee3387eb773f88512de9f43933e7ad4f695015f50383cb9558ca4f31eb
src/metrics/__pycache__/vector_metrics.cpython-312.pyc	4466	cb90bad9a9218fc361eeb698b0fc1ed792794a9918f5863d405b2cb341684f24
src/metrics/vector_metrics.py	2230	505fd93ef35a7b6f0a86e6089a25a691d5969324a1b54a6b2f2f77075168ff80
src/models/__init__.py	22	6e3efb9f2c57b551a360de8caacd4a08aafbe4fdfbb2c7f4ca27ef2c9e13be2f
src/models/base.py	1465	eaf9f86c43cb54fe0f27ebbca559adf10d1a29b1af763bde3dccce636881ea57
src/models/baselines/__init__.py	25	7a0edc1805c45e6e4ba1051b28770573d2f92ad26dc1f59a0ebdeab7e9ad16d5
src/models/baselines/existing_results.py	1016	623a135dbb22a35023a0b2f80a8d2e8926e9357d3481058c635c29056af656c3
src/models/deep/__init__.py	40	13222a8f78968d562f974a5e3557b631d60b50c596745745b1e9e897a815f5cf
src/models/deep/chemcpa.py	1408	147299c1bce1570d9d978a9ce4014015bb5edb06809d5f8261f1f1b12d8102d0
src/models/deep/prnet.py	1461	3e8c1887a5575b927f1fef74a687bf8eb26a82017bea833c969e0115b52e0a43
src/models/deep/prnet_adapter.py	6544	2eb4765f86498c4278af62f7b5305da15f469de5803afae2fe1cda391a9a42c1
src/models/deep/transigen.py	1356	40be97efcddcef572c5e47d3c05f2698773b45a0b0016941d1a9b9ccd3ec6b97
src/models/deep/transigen_adapter.py	6340	968f78537aeb9c4951c0ad985764bc8210f8454f88defe3819fbc07b586c75e3
src/models/foundation/__init__.py	33	6b4298bd90be8e524f74c3e2e62d197167392822ccbee931574f3454f2258ef8
src/models/foundation/frozen_embedding.py	1979	7fe69b15d112805e9a460ed2d6426f1a5d978c82bfd9f57b823ae44239fba3b0
src/reporting/__pycache__/assemble_deep_model_panel.cpython-312.pyc	15601	e0483d8211a4d5d5885dfcb8ffde062ab4caa4d39f4e95ac3a8e996fd5918d54
src/reporting/assemble_deep_model_panel.py	13909	eede91db7a9ec14cf84e9759bf0db67e4135811178c84d0f727be515644565f1
submission_package_v17_control_conditioned_neural/manuscript/manuscript_full_en_v17_control_conditioned_neural.docx	1478435	68fa720881e6d78315df78445b4ab05c3ad679df03845da0b585a7d8e2e5b192
submission_package_v17_control_conditioned_neural/manuscript/manuscript_full_en_v17_control_conditioned_neural.pdf	1052661	4c5ed2dd9d1b31b866ad10e62f083a992815e77e29c8a9bba8e8feae4aedb993
summary_v17_control_conditioned_neural_revision.md	3904	f1c64facf11f7936f26937db3bc9889e80f0901a6e4f794c86eb8e33c6da3ba0
supplementary/Model_Feasibility/model_feasibility_report.md	4703	7f5384d760e569b0f3b6de339045cc11803ead6104554aba0a183c26d007dca9
supplementary/QC_Reports/pathway_gene_set_check.md	954	9383c29fc1f5501827c2580671c6284db5f7b23bbc9e67b10c45776d2a3a3bb9
supplementary/Source_Data/figure1_coverage.csv	86	b8fcb1b21950b7e3c81c95bca3d3a7013879581777cd4e359b151617b1d2f0ed
supplementary/Source_Data/figure1_split_sizes.csv	198	5aefacc9c0dec19382b1bfc249e09134b92594ba42d7234893e0f018423990ed
supplementary/Source_Data/figure2_baseline_decay.csv	29929	c2f29e0933449b2963c06b4a8e93d54910d375f0ca7207d5d0c22398b1e9db98
supplementary/Source_Data/figure3_similarity_ci.csv	484	d8fb619d425ce0e8f00ad4c07945d1e6555606752daf8b26cc85f335b0d1f337
supplementary/Source_Data/figure3_similarity_contrasts.csv	359	49bce2419b1a846fb134aa75fe297871c240c50849c59d9bf0dcde2756497971
supplementary/Source_Data/figure5_pathway_level_recovery.csv	7476	0d6f6bb3d22db487d5f752500c2dd22ab12a0fe8845535657a8d38a90a812e22
supplementary/Source_Data/figure6_rank_transfer_summary.csv	674	2d03ef122fd37e665c418295b9f701f8b15c759dcf7e03ee1a3ffce6cac46e26
supplementary/Source_Data/figure6_sciplex3_rank_heatmap.csv	297	75c8be44233e11a3dfa3d087120415986837b7d9ee4be52b8feb7ed073a41539
supplementary/Source_Data/table_1_source.csv	372	759fd802d68d5a126a5f4bac7e55be12f834678e9af12eb39e490f6c34ca1479
supplementary/Source_Data/table_2_source.csv	539	d75988167a5999087eb567909033b80cff40291367daf707f704a31b37f63874
supplementary/Source_Data/table_3_source.csv	1215	7f3f8220322f332665eeb80e18ec35c8d2e85033ed4ef4a1af78511b9eab26bc
supplementary/Source_Data/table_4_source.csv	782	3d4c1a9552262bd8fdd2dd7f4d5a2b622df15cf3377b816e7c076e35c120256c
supplementary/Source_Data/table_5_source.csv	395	c0bee12e19fd39204320dbbf9516e1b384b1a16de49973a3dab59494eb7dd964
supplementary/Source_Data/table_6_source.csv	773	0d10429a993efcad2d2189ae11076ad6f09595067cd47645fd3f940d7b6edc55
supplementary/Supplementary_Figures/supp_pathway_gene_set_overlap.png	25742	80d3a239881364e747d6386c063ffa09a5b5ebfcc2a5c2e554b0478effa23541
supplementary/Supplementary_Figures/supp_pathway_per_gene_set_error_heatmap.png	54883	b2b87c8708603c2d0767bd658f1ce739aa1498f5962c90313b7f19c461f7ff4f
supplementary/Supplementary_Figures/supp_pathway_per_seed_distribution.png	59757	e157dd1188b9d943b364297f6d77ce8c5972f531041860e492de3368452e09b2
supplementary/Supplementary_Figures/supp_prnet30_seed_distribution.png	72410	5403611644217c508b546014e9725a00415ab8ff6a43d88685e55c3e6ddb3285
supplementary/Supplementary_Figures/supp_prnet30_vs_transigen30_paired.png	58960	b2998421b06814bb3b5fc62a8b2696aca5a2306dc3330e9021468d4dcf679b28
supplementary/Supplementary_Tables/leakage_audit_table.csv	74918	c93080b9f4618b13f885ac838f21e5736d2107988555443456e60248b93e20ad
supplementary/Supplementary_Tables/openproblems_matched_random_controls_summary.csv	1579	588c916a862fa4e3885b410bb18a77eb8e8a3c9d2bc1507b2cd1d310d1e55176
supplementary/Supplementary_Tables/openproblems_moa_overlap_summary.csv	531	91692efc08bd054f684603cc7e4a3b560d724554350e330f3249cf5ecc2b85f1
supplementary/Supplementary_Tables/openproblems_seed_level_metrics.csv	29271	4471f1ae96a65c3922a27fc42dfd04ca58f2aeed7196542bc55ee64b7f8d8a38
supplementary/Supplementary_Tables/pathway_gene_set_overlap.csv	6847	8a2023c322e3811f00d65ba66b9d6841a4987cd29d9d9f7bc7f080cdffdd83c2
supplementary/Supplementary_Tables/pathway_random_to_strict_contrasts.csv	2552	45ddddbddd6d494ba76bfaadbf6b164c50200b5d078a0495e7d74d72b9ae8cfb
supplementary/Supplementary_Tables/pathway_seed_summary.csv	144261	5d3a8f41455b41f778989f4e27cf5f19795ff653b3420f0282db35f7fa09cdbe
supplementary/Supplementary_Tables/sciplex3_dose_leakage_summary.csv	380	855c8b7e1d497cf999200b8e66faed64660691fc73113370f990edd353c0c90e
supplementary/Supplementary_Tables/split_manifest_openproblems_summary.csv	47961	17c09ea20c5a783b75392bb044a3e4e9ea3f64ad457a9d8f0c2fc9a6fd467240
supplementary/Supplementary_Tables/split_manifest_sciplex3_summary.csv	13432	baf805be1ff7b939dd449d73fc5bfe0cc8c4d81fb1acfbd4b29ce63ec792cd0b
tests/test_prnet_main10_no_test_leakage.py	1459	9ba7d0fb1f1b89300cb8997a3528540b687e31b11fbcba2ead5100b0b70af867
tests/test_prnet_main10_output_completeness.py	1311	3e51e24603d930a1b934167c5dad102429d2937353577e2617489eeebe5aece2
tests/test_prnet_main10_prediction_alignment.py	1211	22cf6a31d231d646a759ffe84eb02a6ae52b79b691abc1a1ecf7c529a0f68e92
tests/test_prnet_main10_split_integrity.py	942	e3b8274a83c53f1a52c77d9eab1f093faa6290333a8f652caeb86217d594b975
tests/test_prnet_main30_no_test_leakage.py	1459	d9eb3938c4b874617716b89f72e4f3128e346d9742a90f147704c8416c8ce862
tests/test_prnet_main30_output_completeness.py	1374	e9b1ec66fc6220c4d6952ecca20af4922622f36e5012466f766adb90da2eeb4a
tests/test_prnet_main30_prediction_alignment.py	1211	376bc4c5233b7135743094183eb0e91eb2157d6e73ed0c2c3d8b1f81a7b54dd8
tests/test_prnet_main30_split_integrity.py	942	244669140bac50212ea8338eb7999045625a138c128e9448a1d10e75c3aaf5a7
tests/test_transigen_input_ablation_shapes.py	1429	e58129dee751577b82635113a787f61ef78ab3a6411296758f79a1d2b709c6f4
tests/test_transigen_input_shapes.py	629	c53fc76cb708cee263155abbadd9eb1e32794b4932a56ab0f9711c764757ba11
tests/test_transigen_no_test_leakage.py	866	2a018d2529a77df2841dadf7b4448c2c4b44b11f3a568532dfd4431ac00d21a9
tests/test_transigen_prediction_alignment.py	730	e64d9f834f0008627449d00ad8a7ae4f6d8e188c037fd5d732d524d8ef869ff9
tests/test_transigen_split_integrity.py	1020	d5215132958150eeab30691470756be0f612a535b244806984097493af6fc9b8
zenodo_metadata.json	1157	6098008ca7c40794eefb023ab2c0e6287013972b8bb7028288a7737591712272
